day,bins,r_dc1100_dc1700,r_dc1100_airvisual,r_dc1700_airvisual,min_r,low_pair_count,low_pairs,flagged,abnormal_low_r
2019-08-26,21,0.9927001196609688,0.804962977969554,0.8236509923513575,0.804962977969554,0,,False,False
2019-08-27,22,0.956494251589309,0.8595880813044159,0.7805549540656547,0.7805549540656547,0,,False,False
2019-08-28,23,0.9883598380693943,0.9227099649491546,0.9065956846091755,0.9065956846091755,0,,False,False
2019-08-30,23,0.9990677639030432,0.9576255981545436,0.9568024447811119,0.9568024447811119,0,,False,False
2019-08-31,24,0.9994813851635215,0.9451641620041832,0.946471978391482,0.9451641620041832,0,,False,False
2019-09-01,24,0.9967368330980845,0.9105302278999063,0.9339758931614043,0.9105302278999063,0,,False,False
2019-09-02,24,0.9964643519964578,0.7337528379056638,0.7710717506161322,0.7337528379056638,0,,False,False
2019-09-03,24,0.9981222023833445,0.8489927310646344,0.865324338721824,0.8489927310646344,0,,False,False
2019-09-04,24,0.9945923482796343,0.9488869225323099,0.9266619834076825,0.9266619834076825,0,,False,False
2019-09-05,23,0.9712218380465961,0.90823859048715,0.8550187941512292,0.8550187941512292,0,,False,False
2019-09-06,24,0.9698495068825672,0.9262020469966651,0.9406726592771822,0.9262020469966651,0,,False,False
2019-09-07,24,0.9986734486194889,0.8987531141255676,0.8822678806412858,0.8822678806412858,0,,False,False
2019-09-08,24,0.9976899526211515,0.8996091121262455,0.8872351758410575,0.8872351758410575,0,,False,False
2019-09-09,18,0.9976527463893438,0.7593101566375594,0.7539386071981008,0.7539386071981008,0,,False,False
2019-09-10,24,0.9953993770987709,0.783694657239923,0.7962609601846227,0.783694657239923,0,,False,False
2019-09-11,24,0.9976911156336044,0.9443837200060726,0.9364854349578317,0.9364854349578317,0,,False,False
2019-09-12,18,0.9840425757496096,0.8949891280951249,0.9031095971452545,0.8949891280951249,0,,False,False
2019-09-14,24,0.9849839623089287,0.912710095484956,0.9547569765159238,0.912710095484956,0,,False,False
2019-09-17,20,0.9957818793330346,0.907759110287857,0.907635432053119,0.907635432053119,0,,False,False
2019-09-18,20,0.9777290602939055,0.743659161216375,0.6888030633214405,0.6888030633214405,0,,False,False
2019-09-19,21,0.9642137640523244,0.25343584946158765,0.05852511649714246,0.05852511649714246,2,r_dc1100_airvisual;r_dc1700_airvisual,True,True
2019-09-22,24,0.998752056957344,0.9176764419815805,0.919793562603332,0.9176764419815805,0,,False,False
2019-09-23,24,0.9827126653614068,0.9703654837473336,0.9562102556497064,0.9562102556497064,0,,False,False
2019-09-24,24,0.969448611181386,0.9785926303603497,0.9653910326449704,0.9653910326449704,0,,False,False
2019-09-25,24,0.9419113709602004,0.9361899748917062,0.8952565445850857,0.8952565445850857,0,,False,False
2019-09-26,24,0.9578104800372313,0.907793296298395,0.8635930296201206,0.8635930296201206,0,,False,False
2019-09-27,24,0.9635907440304703,0.9578580987012579,0.9810519326242618,0.9578580987012579,0,,False,False
2019-09-28,24,0.9572839648740405,0.9671314375999319,0.9549310917238625,0.9549310917238625,0,,False,False
2019-09-29,24,0.9422774090502393,0.9136135346904072,0.920997217104648,0.9136135346904072,0,,False,False
2019-10-01,24,0.9747852091731717,0.9651376831713103,0.9650178647917796,0.9650178647917796,0,,False,False
2019-10-02,24,0.9892884470343624,0.9235627005398471,0.9379243183537427,0.9235627005398471,0,,False,False
2019-10-03,24,0.8753136465049344,0.9613450241579493,0.7960380268167053,0.7960380268167053,0,,False,False
2019-10-04,24,0.9857474483529124,0.9922103643495013,0.9730573688260467,0.9730573688260467,0,,False,False
2019-10-05,24,0.9208405366458802,0.890988281339837,0.8901113558271649,0.8901113558271649,0,,False,False
2019-10-06,24,0.956955720369556,0.9009311651425421,0.956453013780406,0.9009311651425421,0,,False,False
2019-10-07,24,0.9253782833101823,0.7709101330144643,0.8228384926513562,0.7709101330144643,0,,False,False
2019-10-08,24,0.9939511322135608,0.9416399555696273,0.9417539202840458,0.9416399555696273,0,,False,False
2019-10-09,24,0.9856124669994594,0.9691425771371374,0.9463070601573721,0.9463070601573721,0,,False,False
2019-10-10,24,0.9751855259752411,0.9492322217334063,0.9436123330889616,0.9436123330889616,0,,False,False
2019-10-11,24,0.9954653034478143,0.9610846953793168,0.9546710538526025,0.9546710538526025,0,,False,False
2019-10-12,24,0.9915201495053062,0.9643211803211207,0.9368191797319729,0.9368191797319729,0,,False,False
2019-10-13,24,0.9770571518198552,0.947614170085035,0.9002437074895164,0.9002437074895164,0,,False,False
2019-10-14,24,0.9729415561810774,0.8753421225125523,0.7780364341717511,0.7780364341717511,0,,False,False
2019-10-15,24,0.9794931838032146,0.9444586966183597,0.8804178364559156,0.8804178364559156,0,,False,False
2019-10-16,24,0.8945215890730603,0.5730463911634504,0.4010764089120121,0.4010764089120121,1,r_dc1700_airvisual,False,False
2019-10-18,24,0.9561486713419821,0.9022784313705035,0.9256727742166827,0.9022784313705035,0,,False,False
2019-10-19,24,0.9882045367722326,0.8824851095115335,0.8544852634257667,0.8544852634257667,0,,False,False
2019-10-20,24,0.8851883250554817,0.5934113437894349,0.6780275194051896,0.5934113437894349,0,,False,False
2019-10-21,24,0.9367409174176212,0.9027310789658357,0.9533799522333658,0.9027310789658357,0,,False,False
2019-10-22,24,0.9841679487855872,0.9626302997303713,0.9416105426092874,0.9416105426092874,0,,False,False
2019-10-23,24,0.9843943855485027,0.8825843634835945,0.8107239207936663,0.8107239207936663,0,,False,False
2019-10-24,24,0.9938124074170975,0.9723857011369755,0.9565436313532537,0.9565436313532537,0,,False,False
2019-10-25,24,0.9894663699153249,0.9825900675999456,0.9710108199924649,0.9710108199924649,0,,False,False
2019-10-26,24,0.9978087786896802,0.7526014501716403,0.7538001583832101,0.7526014501716403,0,,False,False
2019-10-27,24,0.9616718406588123,0.9667756984555447,0.9552971362353097,0.9552971362353097,0,,False,False
2019-10-28,24,0.9835279740561872,0.986486644327793,0.975943351761316,0.975943351761316,0,,False,False
2019-10-29,24,0.9987139080892785,0.9569303406619211,0.965675236049191,0.9569303406619211,0,,False,False
2019-10-30,24,0.9874076156598992,0.9029123370821728,0.9310061401411032,0.9029123370821728,0,,False,False
2019-10-31,24,0.9751527186370154,0.958905804063769,0.9807694894587621,0.958905804063769,0,,False,False
2019-11-01,24,0.9817536207838043,0.879657584561093,0.8094484566960313,0.8094484566960313,0,,False,False
2019-11-02,24,0.9699612643203939,0.9198260945631483,0.9017670592094043,0.9017670592094043,0,,False,False
2019-11-03,24,0.9762311913232784,0.7739733868186289,0.6861013446131898,0.6861013446131898,0,,False,False
2019-11-04,24,0.9923340818945349,0.8744205634556619,0.826972192405942,0.826972192405942,0,,False,False
2019-11-05,24,0.9699011273441154,0.8711331151650544,0.8941924071736462,0.8711331151650544,0,,False,False
2019-11-08,24,0.9677956398142932,0.9150078873102383,0.9573922883590777,0.9150078873102383,0,,False,False
2019-11-09,24,0.9896669673759787,0.9241238556289758,0.9083688962558703,0.9083688962558703,0,,False,False
2019-11-10,24,0.9918201380090722,0.9535734924567707,0.9583830555305198,0.9535734924567707,0,,False,False
2019-11-11,24,0.980585620832741,0.9169058078556239,0.8899339195143575,0.8899339195143575,0,,False,False
2019-11-12,24,0.98670157329851,0.7501525097520855,0.8193384659640858,0.7501525097520855,0,,False,False
2019-11-13,24,0.9883464704751751,0.9116637640403751,0.9329348494761556,0.9116637640403751,0,,False,False
2019-11-14,24,0.9946501851427879,0.9343638275270265,0.9189083009422777,0.9189083009422777,0,,False,False
2019-11-15,24,0.9709862540658635,0.9189563383943453,0.9298141815025575,0.9189563383943453,0,,False,False
2019-11-16,24,0.9905520923954488,0.982790024400078,0.9901414034412468,0.982790024400078,0,,False,False
2019-11-17,24,0.9919991904302969,0.8839070552703501,0.8727927023543167,0.8727927023543167,0,,False,False
2019-11-18,24,0.9908690491797313,0.8134621581693366,0.797948669355386,0.797948669355386,0,,False,False
2019-11-19,24,0.9968483323047552,0.8063625798007448,0.8273342210561542,0.8063625798007448,0,,False,False
2019-11-20,24,0.9623627045169836,0.7574632232228935,0.8300894338050927,0.7574632232228935,0,,False,False
2019-11-21,24,0.9943864675680412,0.7013942774668578,0.7432034931168671,0.7013942774668578,0,,False,False
2019-11-22,24,0.992638487844917,0.5225039044361409,0.5082563607383014,0.5082563607383014,1,r_dc1700_airvisual,False,False
2019-11-23,24,0.9978062585856814,0.8804487484217695,0.8821891623495834,0.8804487484217695,0,,False,False
2019-11-24,24,0.9930011581511048,0.973865072010866,0.9687513717556918,0.9687513717556918,0,,False,False
2019-11-25,24,0.9619808221738989,0.6399887947124193,0.5772369564150652,0.5772369564150652,0,,False,False
2019-11-26,24,0.9978037402743012,0.9401155871907961,0.9381705541689207,0.9381705541689207,0,,False,False
2019-11-27,24,0.997551484088668,0.9043028877275168,0.8978726022900263,0.8978726022900263,0,,False,False
2019-11-28,24,0.9867928783592486,0.9100820255363399,0.9431031540720528,0.9100820255363399,0,,False,False
2019-11-29,24,0.9486169076007132,0.7692475241589636,0.6812357206263183,0.6812357206263183,0,,False,False
2019-11-30,24,0.9938972240139107,0.8243016233749575,0.8374955033439747,0.8243016233749575,0,,False,False
2019-12-01,24,0.9539193394933694,0.9576315767509043,0.9396440530639573,0.9396440530639573,0,,False,False
2019-12-02,24,0.9965960913627284,0.9435546974562656,0.9526682610093217,0.9435546974562656,0,,False,False
2019-12-03,24,0.9827354800816526,0.8891172485767538,0.9385853718173397,0.8891172485767538,0,,False,False
2019-12-04,24,0.9805153534958284,0.8785885989042247,0.8376378319541649,0.8376378319541649,0,,False,False
2019-12-05,24,0.9891449789872773,0.681405529765848,0.624516429444511,0.624516429444511,0,,False,False
2019-12-06,24,0.9911765347677952,0.9074994506972159,0.8972994301769005,0.8972994301769005,0,,False,False
2019-12-07,24,0.9840009746200123,0.8090456267350664,0.8346847265523487,0.8090456267350664,0,,False,False
2019-12-08,24,0.9890664357428264,0.8816150546035915,0.9208486145680198,0.8816150546035915,0,,False,False
2019-12-09,24,0.9884577913202923,0.8853056373719342,0.8984221266133955,0.8853056373719342,0,,False,False
2019-12-10,24,0.9936605247723234,0.921638573490512,0.9309936981380905,0.921638573490512,0,,False,False
2019-12-11,24,0.99473873854284,0.9445132539692466,0.946608111208961,0.9445132539692466,0,,False,False
2019-12-12,23,0.9975540973401879,0.8610713903529743,0.8662944303768557,0.8610713903529743,0,,False,False
2019-12-14,23,0.9876928077447413,0.8349066733294167,0.870942709686891,0.8349066733294167,0,,False,False
2019-12-15,23,0.987620972069269,0.42933973608713055,0.4931346886680878,0.42933973608713055,1,r_dc1700_airvisual,False,False
2019-12-16,24,0.9719038825873771,0.9212984353179565,0.9146621113687217,0.9146621113687217,0,,False,False
2019-12-17,24,0.981692124761841,0.9129162797857582,0.8738742352785651,0.8738742352785651,0,,False,False
2019-12-18,24,0.988404786936524,0.9553398730137727,0.9393247172589386,0.9393247172589386,0,,False,False
2019-12-19,24,0.9676270468803857,0.7091293835298685,0.7942768037614488,0.7091293835298685,0,,False,False
2019-12-20,24,0.89169994135691,0.8673244873892985,0.7296651352347326,0.7296651352347326,0,,False,False
2019-12-21,24,0.963316846541592,0.5805635571173497,0.6018246811698147,0.5805635571173497,0,,False,False
2019-12-22,24,0.9953836847848129,0.9339856315165737,0.9470727733306716,0.9339856315165737,0,,False,False
2019-12-23,24,0.971897071010798,0.9642458853809805,0.98666803746989,0.9642458853809805,0,,False,False
2019-12-24,24,0.9305322393327027,0.8546299570807288,0.8347823817628585,0.8347823817628585,0,,False,False
2019-12-25,24,0.9898030053708203,0.9754200462445174,0.9787942483613452,0.9754200462445174,0,,False,False
2019-12-26,24,0.988368617572905,0.9567350101629903,0.9541910282630603,0.9541910282630603,0,,False,False
2019-12-27,24,0.9812555523346632,0.9076885021479285,0.9456268942406763,0.9076885021479285,0,,False,False
2019-12-28,24,0.9856067890268727,0.9787330532840048,0.9914825124791308,0.9787330532840048,0,,False,False
2019-12-29,24,0.7928024472681459,0.5398829487503812,0.8112501951354041,0.5398829487503812,0,,False,False
2019-12-30,24,0.9285939246361229,0.9207619405220804,0.9790922278660292,0.9207619405220804,0,,False,False
2019-12-31,20,0.9799884131926465,0.9460920722363818,0.9514696316587476,0.9460920722363818,0,,False,False
2020-01-01,24,0.9914694480677532,0.9385002343628126,0.9600304020104883,0.9385002343628126,0,,False,False
2020-01-02,24,0.9506431972762958,0.829528636087258,0.902010922195031,0.829528636087258,0,,False,False
2020-01-03,24,0.9660433804543117,0.8332918656111933,0.8843356808074946,0.8332918656111933,0,,False,False
2020-01-04,24,0.9476864020051733,0.8910355553772902,0.9331666941916467,0.8910355553772902,0,,False,False
2020-01-05,24,0.9293099163712554,0.8262037331197258,0.7764570256429618,0.7764570256429618,0,,False,False
2020-01-06,24,0.9751038062988336,0.9556015883818751,0.9247672499956217,0.9247672499956217,0,,False,False
2020-01-07,24,0.9834789662055252,0.8174414702083715,0.8888946134299002,0.8174414702083715,0,,False,False
2020-01-09,18,0.9884518391416103,0.9152455042844895,0.9345835634507378,0.9152455042844895,0,,False,False
2020-01-10,24,0.9945646484591875,0.9591443546678637,0.9539701349578962,0.9539701349578962,0,,False,False
2020-01-11,24,0.9878033109077772,0.9894117614379668,0.9864072835921399,0.9864072835921399,0,,False,False
2020-01-12,20,0.666315305340473,0.47180475967166,0.9681708626303382,0.47180475967166,1,r_dc1100_dc1700,False,False
2020-01-13,23,0.6863382244694503,0.7956261718401102,0.8862778711236399,0.6863382244694503,1,r_dc1100_dc1700,False,False
2020-01-14,24,0.9473314916563746,0.911103134032965,0.931200131723372,0.911103134032965,0,,False,False
2020-01-15,24,0.9858623661250924,0.9360232142433903,0.9615740220687784,0.9360232142433903,0,,False,False
2020-01-16,24,0.9479552530292338,0.6368679689242478,0.7962183972580259,0.6368679689242478,0,,False,False
2020-01-17,24,0.9622363734888341,0.2608520478392593,0.4024895446682779,0.2608520478392593,2,r_dc1100_airvisual;r_dc1700_airvisual,True,False
2020-01-18,21,0.9881879271155325,0.9192364127578762,0.9531773226945218,0.9192364127578762,0,,False,False
2020-01-20,18,0.9923593295961337,0.93642784361607,0.9283017657743509,0.9283017657743509,0,,False,False
2020-01-21,24,0.9634720113036003,0.9493569171517464,0.9552708153089025,0.9493569171517464,0,,False,False
2020-01-22,23,0.9810895813704531,0.857539364269053,0.8941790933544127,0.857539364269053,0,,False,False
2020-01-23,24,0.9713203471527397,0.8830510720314346,0.9248399990466456,0.8830510720314346,0,,False,False
2020-01-24,24,0.9834147157714698,0.8842224350585608,0.9090669435252249,0.8842224350585608,0,,False,False
2020-01-25,24,0.9916209109561036,0.9560313785851953,0.9586413048518941,0.9560313785851953,0,,False,False
2020-01-26,24,0.9951960389491485,0.9623916454507229,0.9579396190220166,0.9579396190220166,0,,False,False
2020-01-27,24,0.9968537455591259,0.9607529735012287,0.9570504213314219,0.9570504213314219,0,,False,False
2020-01-28,24,0.9809978514329366,0.8658446431050498,0.8805333523628809,0.8658446431050498,0,,False,False
2020-01-29,24,0.9649815890403192,0.8477175232267915,0.8120348534098871,0.8120348534098871,0,,False,False
2020-01-30,24,0.7238095504941157,0.6858165350304792,0.8577527920471462,0.6858165350304792,0,,False,False
2020-01-31,24,0.9746730271741092,0.4738720970028348,0.5132475691917436,0.4738720970028348,1,r_dc1700_airvisual,False,False
2020-02-01,24,0.9962225371248833,0.9223486687106015,0.9220603742041843,0.9220603742041843,0,,False,False
2020-02-02,24,0.9811090638956322,0.9288621084410517,0.937183442855636,0.9288621084410517,0,,False,False
2020-02-03,24,0.9680311573799852,0.9726849020733379,0.9833183226324782,0.9680311573799852,0,,False,False
2020-02-04,24,0.9768972709624039,0.9327163648409709,0.8913103815459428,0.8913103815459428,0,,False,False
2020-02-05,24,0.9899200646558668,0.9624451277702332,0.9700762803593859,0.9624451277702332,0,,False,False
2020-02-06,24,0.9453421247176613,0.7647032357126761,0.904735610371539,0.7647032357126761,0,,False,False
2020-02-07,24,0.9591970052938971,0.9314909206355967,0.9633162010659633,0.9314909206355967,0,,False,False
2020-02-08,24,0.8827416232125613,0.7262690986721755,0.955185690210331,0.7262690986721755,0,,False,False
2020-02-09,24,0.9797971049845301,0.877731127073109,0.8979988802393492,0.877731127073109,0,,False,False
2020-02-10,24,0.9899256568473968,0.9801836747976498,0.9799512540966034,0.9799512540966034,0,,False,False
2020-02-11,24,0.8857327730883219,0.7301725398035229,0.9134606772968372,0.7301725398035229,0,,False,False
2020-02-12,24,0.9703765849291093,0.9032760673276483,0.9057488636598703,0.9032760673276483,0,,False,False
2020-02-13,24,0.936520640674707,0.8787559089337744,0.9151135410006094,0.8787559089337744,0,,False,False
2020-02-14,24,0.9835101520678329,0.8170626997038224,0.8410979761691615,0.8170626997038224,0,,False,False
2020-02-15,24,0.9886356410750321,0.2228451791778046,0.2739586416991758,0.2228451791778046,2,r_dc1100_airvisual;r_dc1700_airvisual,True,False
2020-02-16,24,0.9945804082721873,0.9803125063228456,0.9797453718617993,0.9797453718617993,0,,False,False
2020-02-17,24,0.9976739153408581,0.889470498721979,0.9038866155912468,0.889470498721979,0,,False,False
2020-02-18,24,0.985664376520351,0.6580511819050923,0.7201829500727555,0.6580511819050923,0,,False,False
2020-02-19,24,0.9954867490701473,0.9066846731010648,0.9125667289166385,0.9066846731010648,0,,False,False
2020-02-20,24,0.9917246701877487,0.9768427896996073,0.9873751953297895,0.9768427896996073,0,,False,False
2020-02-21,24,0.947607822949834,0.8567047051405028,0.9431185325262184,0.8567047051405028,0,,False,False
2020-02-22,24,0.9248955001380218,0.8765009395885948,0.7305810157875264,0.7305810157875264,0,,False,False
2020-02-23,24,0.9916750617188379,0.970621751740302,0.9822831284951021,0.970621751740302,0,,False,False
2020-02-24,24,0.9933519037558926,0.8390421526976513,0.8277498433748742,0.8277498433748742,0,,False,False
2020-02-25,24,0.9808573861085159,0.9551016273065884,0.9561286888675107,0.9551016273065884,0,,False,False
2020-02-27,18,0.9923459346897866,0.8568841916262402,0.8548704382416267,0.8548704382416267,0,,False,False
2020-02-28,24,0.9821388170466631,0.7761866892176942,0.8312458878013194,0.7761866892176942,0,,False,False
2020-03-12,24,0.9222318378519739,0.9291518128560532,0.8952740581046851,0.8952740581046851,0,,False,False
2020-03-13,24,0.957299499626762,0.9604300855803332,0.9543601393895746,0.9543601393895746,0,,False,False
2020-03-14,24,0.8621676173724979,0.8162362860933476,0.8727369225782606,0.8162362860933476,0,,False,False
2020-03-15,24,0.995504153011543,0.9428984875790267,0.9583855391863468,0.9428984875790267,0,,False,False
2020-03-16,24,0.8268154983488717,0.7369548294007853,0.9433482482060557,0.7369548294007853,0,,False,False
2020-03-17,24,0.9819161170649084,0.921229060895706,0.8984396958986902,0.8984396958986902,0,,False,False
2020-03-18,24,0.9856341506002284,0.9360882189700455,0.9301841502131937,0.9301841502131937,0,,False,False
2020-03-19,24,0.9977082443747456,0.9801652275514714,0.9879896055206573,0.9801652275514714,0,,False,False
2020-03-20,24,0.9814640587568128,0.8181762085423587,0.7689798561430098,0.7689798561430098,0,,False,False
2020-03-21,24,0.9607426771988375,0.6563001651148765,0.7148040583399012,0.6563001651148765,0,,False,False
2020-03-22,24,0.9731089775179057,0.6823636708062918,0.7172238709099336,0.6823636708062918,0,,False,False
2020-03-23,24,0.9798819362611413,0.9618133111879964,0.9316032822674508,0.9316032822674508,0,,False,False
2020-03-24,24,0.9928920158125674,0.9406202958009082,0.9327506274155162,0.9327506274155162,0,,False,False
2020-03-25,24,0.9611852205705048,0.9198088586181805,0.8825124338184314,0.8825124338184314,0,,False,False
2020-03-26,24,0.9785604198098821,0.7271039230872037,0.8448637883836225,0.7271039230872037,0,,False,False
2020-03-27,24,0.9107576740928058,0.4235094908169812,0.44351754130358095,0.4235094908169812,1,r_dc1700_airvisual,False,False
2020-03-28,24,0.9671326660337776,0.9462807484461622,0.9703593369946073,0.9462807484461622,0,,False,False
2020-03-29,24,0.9931564171818658,0.9332249255320931,0.9321362111690449,0.9321362111690449,0,,False,False
2020-03-30,24,0.9766029762263118,0.9621513687700167,0.9497417596512705,0.9497417596512705,0,,False,False
2020-03-31,24,0.9836803002633032,0.9603420059336989,0.943084403802097,0.943084403802097,0,,False,False
2020-04-01,24,0.9979711812472173,0.8626380638511514,0.8636403885658304,0.8626380638511514,0,,False,False
2020-04-02,24,0.9823823836689323,0.6431237954753527,0.6205473861626285,0.6205473861626285,0,,False,False
2020-04-03,22,0.9950904930343232,0.938036787815199,0.9378763261794593,0.9378763261794593,0,,False,False
2020-04-06,18,0.9946857308463413,0.8378063877705705,0.870460024082384,0.8378063877705705,0,,False,False
2020-04-07,24,0.8934724913450528,0.7582645919109939,0.7185725943408231,0.7185725943408231,0,,False,False
2020-04-08,24,0.9738001392886598,0.8358293396117052,0.8708356088015454,0.8358293396117052,0,,False,False
2020-04-09,24,0.8836501751007012,0.8076725326604802,0.9604379944695218,0.8076725326604802,0,,False,False
2020-04-10,24,0.8919247510250096,0.7293188989021839,0.8131830597728075,0.7293188989021839,0,,False,False
2020-04-11,24,0.9149701433738816,0.6230459921044571,0.7529986298143185,0.6230459921044571,0,,False,False
2020-04-12,24,0.9928723123338861,0.9321386825810021,0.9233420329608654,0.9233420329608654,0,,False,False
2020-04-13,24,0.9591198126808109,0.9080124365520248,0.9648921127494651,0.9080124365520248,0,,False,False
2020-04-14,24,0.9266901417270258,0.7632726961197105,0.8594246978988929,0.7632726961197105,0,,False,False
2020-04-15,24,0.9712259993552184,0.9077065286318808,0.8716560419388087,0.8716560419388087,0,,False,False
2020-04-16,24,0.924107298096145,0.8695521236981143,0.6760223471464216,0.6760223471464216,0,,False,False
2020-04-17,24,0.9839578749359728,0.8745920359454997,0.855958642737362,0.855958642737362,0,,False,False
2020-04-18,24,0.9336096707169163,0.8292040388485932,0.8648797847252262,0.8292040388485932,0,,False,False
2020-04-19,24,0.9832750796228172,0.9580413152550356,0.9494750396645605,0.9494750396645605,0,,False,False
2020-04-20,24,0.8756654925045942,0.7068764171999992,0.9022848371000309,0.7068764171999992,0,,False,False
2020-04-21,24,0.9786281801797578,0.8066878446632886,0.7777589207253125,0.7777589207253125,0,,False,False
2020-04-22,22,0.8697244788089651,0.8183759112053051,0.6255141434684827,0.6255141434684827,0,,False,False
2020-04-23,24,0.9576722404826107,0.7895553221840625,0.901326470732208,0.7895553221840625,0,,False,False
2020-04-24,24,0.9869676275400768,0.8864007989331488,0.9056132086507319,0.8864007989331488,0,,False,False
2020-04-25,24,0.627719319223831,0.29895392828309036,0.8695565901569164,0.29895392828309036,2,r_dc1100_dc1700;r_dc1100_airvisual,True,False
2020-04-26,24,0.8844057809163491,0.6614158030983182,0.7842275046520885,0.6614158030983182,0,,False,False
2020-04-27,24,0.9960978972167234,0.9389541318915262,0.922658752373575,0.922658752373575,0,,False,False
2020-04-28,24,0.9757294989908054,0.8818042420219715,0.8637568537779259,0.8637568537779259,0,,False,False
2020-04-29,24,0.9602764092059731,0.47265149155625813,0.47154508786887184,0.47154508786887184,1,r_dc1700_airvisual,False,False
2020-04-30,24,0.9906214998531134,0.8011078374289023,0.7627873812017872,0.7627873812017872,0,,False,False
2020-05-01,24,0.9885085427207441,0.9526186909713753,0.9436328942536971,0.9436328942536971,0,,False,False
2020-05-02,24,0.9818879703672069,0.9748012361848084,0.9398844175570045,0.9398844175570045,0,,False,False
2020-05-03,24,0.968898002901693,0.8469012371945107,0.8213525995680077,0.8213525995680077,0,,False,False
2020-05-04,24,0.9911832351261249,0.7586023692464318,0.8139146960322181,0.7586023692464318,0,,False,False
2020-05-05,24,0.9874709988632202,0.8878733479270048,0.916260341888589,0.8878733479270048,0,,False,False
2020-05-06,24,0.9962102840126517,0.8042692421448773,0.8298362401032311,0.8042692421448773,0,,False,False
2020-05-07,24,0.991860667677594,0.8118218029107387,0.8302385794105803,0.8118218029107387,0,,False,False
2020-05-08,24,0.9950747177952006,0.8181274221131537,0.8567595529713256,0.8181274221131537,0,,False,False
2020-05-09,24,0.9936030735250495,0.891767665273279,0.909918620942522,0.891767665273279,0,,False,False
2020-05-10,24,0.9895513690789655,0.895213913228238,0.9169082066976312,0.895213913228238,0,,False,False
2020-05-11,24,0.995373773527411,0.9259402499377064,0.9410960673243838,0.9259402499377064,0,,False,False
2020-05-12,24,0.9865683029855901,0.5135959890097352,0.578844391082312,0.5135959890097352,0,,False,False
2020-05-13,24,0.9983341886024532,0.9022582011694281,0.9128895347167776,0.9022582011694281,0,,False,False
2020-05-14,24,0.9975637373774662,0.9629636741569382,0.9690199954522307,0.9629636741569382,0,,False,False
2020-05-15,24,0.9938744758083387,0.8756933460703883,0.8835457867934133,0.8756933460703883,0,,False,False
2020-05-16,24,0.9954604299174821,0.832484052161872,0.8532943200979906,0.832484052161872,0,,False,False
2020-05-17,24,0.993442624845735,0.8036867337025897,0.8215462802650559,0.8036867337025897,0,,False,False
2020-05-18,24,0.9722961914593947,0.638564002073035,0.6782231527396064,0.638564002073035,0,,False,False
2020-05-19,24,0.9796302183550404,0.8128725717593978,0.8868608549497917,0.8128725717593978,0,,False,False
2020-05-20,24,0.9953888329944195,0.9657062181935375,0.9607192002699256,0.9607192002699256,0,,False,False
2020-05-21,24,0.9962825938200208,0.8722125165168929,0.8936457043405531,0.8722125165168929,0,,False,False
2020-05-22,24,0.996748925719234,0.6280461083430291,0.6400639949217978,0.6280461083430291,0,,False,False
2020-05-23,24,0.9797131248474942,0.9570243630204307,0.9624582948659178,0.9570243630204307,0,,False,False
2020-05-24,24,0.9896059700770931,0.862254976314413,0.8595056095310882,0.8595056095310882,0,,False,False
2020-05-25,24,0.9853902551672113,0.39712843247045504,0.5126816726584521,0.39712843247045504,1,r_dc1700_airvisual,False,False
2020-05-26,24,0.996581836722667,0.8910596127749899,0.9006706523829379,0.8910596127749899,0,,False,False
2020-05-27,24,0.9959120549807271,0.9639974822321404,0.9732795315929771,0.9639974822321404,0,,False,False
2020-05-28,24,0.9963324275288966,0.9079216772205958,0.8882364819256297,0.8882364819256297,0,,False,False
2020-05-29,24,0.9862124059606292,0.9684661234074579,0.9509898247285712,0.9509898247285712,0,,False,False
2020-05-30,24,0.9925041134284575,0.910588934188823,0.9376849647683974,0.910588934188823,0,,False,False
2020-05-31,24,0.988776588284972,0.8446438329611611,0.8534873947974904,0.8446438329611611,0,,False,False
2020-06-01,24,0.9963755364432846,0.9204350054236772,0.9126992467200726,0.9126992467200726,0,,False,False
2020-06-02,24,0.9933546967791547,0.8328708005971759,0.8741156409046396,0.8328708005971759,0,,False,False
2020-06-03,24,0.9920269030645869,0.7952643702133346,0.8373182330952211,0.7952643702133346,0,,False,False
2020-06-04,24,0.9927341007220213,0.8544734530590447,0.8836332800496632,0.8544734530590447,0,,False,False
2020-06-05,24,0.9939342704021334,0.8285231339517121,0.8479375892126695,0.8285231339517121,0,,False,False
2020-06-06,24,0.9971008449121801,0.8583226691170983,0.8506886003209657,0.8506886003209657,0,,False,False
2020-06-07,24,0.9978397981546979,0.9169268689638539,0.9050841985237675,0.9050841985237675,0,,False,False
2020-06-08,24,0.9961158835129079,0.9924729077629607,0.9907876937393099,0.9907876937393099,0,,False,False
2020-06-09,24,0.9979839636657373,0.950612948657511,0.962586050721535,0.950612948657511,0,,False,False
2020-06-10,24,0.9951394134934698,0.919924749952147,0.9359987834189448,0.919924749952147,0,,False,False
2020-06-11,24,0.9924098158289133,0.878633697007952,0.8912272829166219,0.878633697007952,0,,False,False
2020-06-12,24,0.9984768122145768,0.9607172779607331,0.9622784044270097,0.9607172779607331,0,,False,False
2020-06-13,24,0.9972867774635348,0.971470720126907,0.9789114195926027,0.971470720126907,0,,False,False
2020-06-14,24,0.996471275706813,0.7805170004364324,0.7958906477973021,0.7805170004364324,0,,False,False
2020-06-15,24,0.9893563625150812,0.9053368255313456,0.9190190818355423,0.9053368255313456,0,,False,False
2020-06-16,24,0.9964898729417325,0.9606743154185863,0.9730257771123054,0.9606743154185863,0,,False,False
2020-06-17,24,0.9886643119144062,0.9280218394606845,0.967912877716548,0.9280218394606845,0,,False,False
2020-06-18,24,0.9941002191950958,0.8308775205091524,0.8750208719168047,0.8308775205091524,0,,False,False
2020-06-19,24,0.9897872771346223,0.656340284007852,0.7135702275696119,0.656340284007852,0,,False,False
2020-06-20,24,0.9943027861811922,0.8213941266807568,0.8541833949956003,0.8213941266807568,0,,False,False
2020-06-21,24,0.9881094879194977,0.746271632245951,0.8264997371378644,0.746271632245951,0,,False,False
2020-06-22,24,0.9817358724844862,0.9568768410945174,0.9528380701289985,0.9528380701289985,0,,False,False
2020-06-23,24,0.9978157086902791,0.8922861459079188,0.9089521135413811,0.8922861459079188,0,,False,False
2020-06-24,24,0.9960952087275741,0.9361138419411585,0.9532937773362413,0.9361138419411585,0,,False,False
2020-06-25,24,0.9924885323839104,0.9487741514662622,0.9746224102957473,0.9487741514662622,0,,False,False
2020-06-26,24,0.9990208326441519,0.9821738230881815,0.9833230173675348,0.9821738230881815,0,,False,False
2020-06-27,24,0.9969319989113841,0.7808461567783455,0.8090919101154833,0.7808461567783455,0,,False,False
2020-06-28,24,0.9952676921161853,0.8048795604853026,0.8444177102503448,0.8048795604853026,0,,False,False
2020-06-29,24,0.9936380859739279,0.7135216323220442,0.7731846808812745,0.7135216323220442,0,,False,False
2020-06-30,24,0.9897495582947516,0.3873772809910737,0.44696252190033275,0.3873772809910737,1,r_dc1700_airvisual,False,False
2020-07-01,24,0.9976709556092997,0.5449833422224134,0.5726517977408613,0.5449833422224134,1,r_dc1700_airvisual,False,False
2020-07-02,24,0.9936802802084802,0.6444075307749428,0.700085454615231,0.6444075307749428,0,,False,False
2020-07-03,24,0.969187534401909,0.8675020460251928,0.7572222852547109,0.7572222852547109,0,,False,False
2020-07-04,24,0.9925254470473301,0.8648460209737135,0.881446442903623,0.8648460209737135,0,,False,False
2020-07-05,24,0.9852810739443882,0.016511707690451273,0.1013877738281997,0.016511707690451273,2,r_dc1100_airvisual;r_dc1700_airvisual,True,True
2020-07-06,24,0.988847575301815,0.6645252650159302,0.7511016341262842,0.6645252650159302,0,,False,False
2020-07-07,24,0.9946665193030397,0.673962296195688,0.717580960193747,0.673962296195688,0,,False,False
2020-07-08,24,0.9941859645144824,0.9283676982485846,0.9580038209396854,0.9283676982485846,0,,False,False
2020-07-09,24,0.9985252734514767,0.9680103201944419,0.9700485221092989,0.9680103201944419,0,,False,False
2020-07-10,24,0.993579838589129,0.9367387712829549,0.9546481697837933,0.9367387712829549,0,,False,False
2020-07-11,24,0.9933061317752178,0.8827717611564795,0.9012172026535418,0.8827717611564795,0,,False,False
2020-07-12,24,0.997604962272169,0.8168893048516577,0.8362747834017288,0.8168893048516577,0,,False,False
2020-07-13,24,0.9948924885852296,0.9678487795443745,0.9617003584703547,0.9617003584703547,0,,False,False
2020-07-14,24,0.9919815285822914,0.2686369760891332,0.34525333900816346,0.2686369760891332,2,r_dc1100_airvisual;r_dc1700_airvisual,True,False
2020-07-15,24,0.9971332248002981,0.9395366985854103,0.9442696976884093,0.9395366985854103,0,,False,False
2020-07-16,24,0.996813516101435,0.7566594636409748,0.7833689175339428,0.7566594636409748,0,,False,False
2020-07-17,24,0.9961786199470293,0.9113443445913214,0.9382124981027775,0.9113443445913214,0,,False,False
2020-07-18,24,0.9950940252571604,0.8345835204524763,0.8775772225243289,0.8345835204524763,0,,False,False
2020-07-19,24,0.995225502378016,0.936686931070353,0.9616702816139033,0.936686931070353,0,,False,False
2020-07-20,24,0.9943421972624834,0.9008295812142936,0.9112544445844676,0.9008295812142936,0,,False,False
2020-07-21,24,0.9989132349569517,0.913498382723181,0.9232375389117561,0.913498382723181,0,,False,False
2020-07-22,24,0.996256045858051,0.6746985378822244,0.6892438309000019,0.6746985378822244,0,,False,False
2020-07-23,24,0.9946462449662067,0.6675181962973787,0.7113978878400448,0.6675181962973787,0,,False,False
2020-07-24,24,0.9936865619791407,0.49929825187962185,0.5570570828478387,0.49929825187962185,1,r_dc1700_airvisual,False,False
2020-07-25,24,0.9922741726923472,0.6186440802693164,0.6853786272396967,0.6186440802693164,0,,False,False
2020-07-26,24,0.9972421104489662,0.7687007589506591,0.7929172850741881,0.7687007589506591,0,,False,False
2020-07-27,24,0.9915792555867443,0.9490088088477728,0.9635575961498238,0.9490088088477728,0,,False,False
2020-07-28,24,0.9735353540753113,0.9493679776111708,0.9237862355380111,0.9237862355380111,0,,False,False
2020-07-29,24,0.9941208740692962,0.8943706275804156,0.9083268038073908,0.8943706275804156,0,,False,False
2020-07-30,24,0.998383556503148,0.9001900160734613,0.9072638280176307,0.9001900160734613,0,,False,False
2020-07-31,24,0.9933779548013236,0.9014371511974278,0.93374792206525,0.9014371511974278,0,,False,False
2020-08-01,24,0.9976099354515849,0.9923464619082751,0.9848476654159657,0.9848476654159657,0,,False,False
2020-08-02,24,0.9893291643035553,0.9297114457788445,0.9218565800593468,0.9218565800593468,0,,False,False
2020-08-03,24,0.9907283012447178,0.8689451117941476,0.9025347495753738,0.8689451117941476,0,,False,False
2020-08-04,24,0.9673579970977747,0.7508081490542295,0.839894109721354,0.7508081490542295,0,,False,False
2020-08-05,24,0.979269383134581,0.911707587169594,0.9212978243536382,0.911707587169594,0,,False,False
2020-08-06,24,0.9945055966077789,0.8943548651001347,0.9015797779465828,0.8943548651001347,0,,False,False
2020-08-07,24,0.9817019368820846,0.9177330621895234,0.9114932362574275,0.9114932362574275,0,,False,False
2020-08-08,24,0.980615412584996,0.9784093881924046,0.9563882302871266,0.9563882302871266,0,,False,False
2020-08-09,24,0.9904043707902209,0.7679818360507877,0.7925018484091472,0.7679818360507877,0,,False,False
2020-08-10,24,0.9780070454103139,0.9093832117400659,0.9543058159854337,0.9093832117400659,0,,False,False
2020-08-11,24,0.9967840954437568,0.909674605611697,0.924189765448485,0.909674605611697,0,,False,False
2020-08-12,24,0.9962733309417328,0.937901334462048,0.9568720810928212,0.937901334462048,0,,False,False
2020-08-13,24,0.9889084570824492,0.7339196543837938,0.7986959476717491,0.7339196543837938,0,,False,False
2020-08-14,24,0.9822314261926606,0.8968075252807248,0.934109640289118,0.8968075252807248,0,,False,False
2020-08-15,24,0.987810767324619,0.9607419868518592,0.9753652436523479,0.9607419868518592,0,,False,False
2020-08-16,24,0.9951442463657403,0.9654362705576783,0.9519536084557921,0.9519536084557921,0,,False,False
2020-08-17,24,0.9889719221928691,0.9308696477790203,0.949411661777597,0.9308696477790203,0,,False,False
2020-08-18,24,0.9937828153738248,0.9374221580808305,0.9511001243569708,0.9374221580808305,0,,False,False
2020-08-19,24,0.9787288658408424,0.8940621353931621,0.9390713272244691,0.8940621353931621,0,,False,False
2020-08-20,24,0.9640623245806483,0.9403169659779935,0.9379169547249336,0.9379169547249336,0,,False,False
2020-08-21,24,0.8162479891735024,0.2802407286748734,0.6651403908091155,0.2802407286748734,1,r_dc1100_airvisual,False,False
2020-08-22,24,0.9706132326579628,0.9226685991201126,0.9497401952145631,0.9226685991201126,0,,False,False
2020-08-23,24,0.9957526280092893,0.9557185336844168,0.9549673824187423,0.9549673824187423,0,,False,False
2020-08-24,24,0.9968588949928474,0.8698899745410051,0.899426451419022,0.8698899745410051,0,,False,False
2020-08-25,24,0.9951242843135969,0.9505335954487957,0.9621670073698918,0.9505335954487957,0,,False,False
2020-08-26,24,0.994859271156125,0.9268614858397346,0.9332958226034607,0.9268614858397346,0,,False,False
2020-08-27,24,0.9820306106670748,0.9341471908726905,0.953267711257739,0.9341471908726905,0,,False,False
2020-08-28,24,0.999024177284597,0.8762579246916121,0.8890184329415416,0.8762579246916121,0,,False,False
2020-08-29,24,0.9959644872355007,0.8726005697573868,0.8567523953316147,0.8567523953316147,0,,False,False
2020-08-30,24,0.9958382120939493,0.033291330608082974,0.09138926040581961,0.033291330608082974,2,r_dc1100_airvisual;r_dc1700_airvisual,True,True
2020-08-31,24,0.9924913094873173,0.6528542259570751,0.712580502939251,0.6528542259570751,0,,False,False
2020-09-01,24,0.9908835679114617,0.9103840225661071,0.9451957995377712,0.9103840225661071,0,,False,False
2020-09-02,24,0.9639581427826581,0.8886941764683397,0.904795750333645,0.8886941764683397,0,,False,False
2020-09-03,24,0.735232707118233,0.718990106703549,0.33746470866270795,0.33746470866270795,1,r_dc1700_airvisual,False,False
2020-09-04,24,0.9775972808485133,0.7964218352342323,0.8465161858085921,0.7964218352342323,0,,False,False
2020-09-05,24,0.9942538044724015,0.9551462947085626,0.9473883305597494,0.9473883305597494,0,,False,False
2020-09-06,24,0.9921780420796055,0.8100585389181237,0.8231264764023256,0.8100585389181237,0,,False,False
2020-09-07,24,0.9962638203632196,0.9531832884619486,0.9543653223635007,0.9531832884619486,0,,False,False
2020-09-08,24,0.9923178527755795,0.9508833358620984,0.9300386410069142,0.9300386410069142,0,,False,False
2020-09-09,24,0.978929788035271,0.8157092388528654,0.8867132905031982,0.8157092388528654,0,,False,False
2020-09-10,24,0.9883295646968632,0.921047553344963,0.9204049513475211,0.9204049513475211,0,,False,False
2020-09-11,24,0.995576156167759,0.9714079590982985,0.9761971369591999,0.9714079590982985,0,,False,False
2020-09-12,24,0.9963900068585252,0.932506991273645,0.942669426414822,0.932506991273645,0,,False,False
2020-09-13,24,0.9756777147387968,0.9688131010555003,0.9297285188036756,0.9297285188036756,0,,False,False
2020-09-14,24,0.9966705629259297,0.9778801697034909,0.9833252816780539,0.9778801697034909,0,,False,False
2020-09-15,24,0.9985766909456556,0.9663152147080354,0.968869095103603,0.9663152147080354,0,,False,False
2020-09-16,24,0.9980082396478048,0.8406949377251182,0.8498137690208851,0.8406949377251182,0,,False,False
2020-09-17,24,0.9956624801474341,0.9181543269303477,0.9209232135723506,0.9181543269303477,0,,False,False
2020-09-18,24,0.994854284596527,0.9133375660116285,0.9271366062094756,0.9133375660116285,0,,False,False
2020-09-19,24,0.9933532766886598,0.9187688557088334,0.9178869776973521,0.9178869776973521,0,,False,False
2020-09-20,24,0.9939054236695484,0.9918179104214147,0.9825912350673973,0.9825912350673973,0,,False,False
2020-09-21,24,0.9961744572977106,0.9879244548103757,0.9847326792440976,0.9847326792440976,0,,False,False
2020-09-22,24,0.9953370948100438,0.9290007614781853,0.9417895666805521,0.9290007614781853,0,,False,False
2020-09-23,24,0.9953374672639629,0.8701999545660002,0.898578614164327,0.8701999545660002,0,,False,False
2020-09-24,24,0.9974754382342785,0.9500092657405634,0.95642237021546,0.9500092657405634,0,,False,False
2020-09-25,24,0.99186285636674,0.9219378676172365,0.9273139120031297,0.9219378676172365,0,,False,False
2020-09-26,24,0.9976807729398475,0.9629592758304556,0.9670053394264136,0.9629592758304556,0,,False,False
2020-09-27,24,0.994155784823362,0.9251349855067571,0.9399901248669044,0.9251349855067571,0,,False,False
2020-09-28,24,0.971931976076787,0.9674630202544116,0.9727518949778766,0.9674630202544116,0,,False,False
2020-09-29,24,0.9362650128604489,0.8656804553891951,0.9529319407880984,0.8656804553891951,0,,False,False
2020-09-30,24,0.9953910353389456,0.7087373341492457,0.6963154625791723,0.6963154625791723,0,,False,False
2020-10-01,24,0.9975906945681824,0.9041604221377505,0.921900178289948,0.9041604221377505,0,,False,False
2020-10-02,24,0.9824311877887583,0.9517576131060163,0.9719143389466363,0.9517576131060163,0,,False,False
2020-10-03,24,0.9919119063335895,0.9409521692933472,0.955716048856006,0.9409521692933472,0,,False,False
2020-10-04,24,0.9957540794525324,0.9260001121974536,0.9143759267169824,0.9143759267169824,0,,False,False
2020-10-05,24,0.9944516380163497,0.9043045178550345,0.9077993441375836,0.9043045178550345,0,,False,False
2020-10-07,20,0.9975566300580441,0.942142706359058,0.9453808169416712,0.942142706359058,0,,False,False
2020-10-08,24,0.9977083300100249,0.9582790669857494,0.9627112136708009,0.9582790669857494,0,,False,False
2020-10-09,24,0.9970817163303723,0.7817542980480736,0.7919815025617897,0.7817542980480736,0,,False,False
2020-10-10,24,0.99745747330199,0.9568218483546618,0.9661387823120884,0.9568218483546618,0,,False,False
2020-10-11,24,0.9947732879961103,0.9793057894305617,0.9779782477403893,0.9779782477403893,0,,False,False
2020-10-12,24,0.9400160265950328,0.8911865356718601,0.9285344092969132,0.8911865356718601,0,,False,False
2020-10-13,24,0.9867463664114472,0.8974843650578153,0.8442541145609239,0.8442541145609239,0,,False,False
2020-10-14,24,0.9974389267485744,0.9895737823065672,0.9881288813507713,0.9881288813507713,0,,False,False
2020-10-15,24,0.9986739969753705,0.8691863011371461,0.8686560432525451,0.8686560432525451,0,,False,False
2020-10-16,24,0.9977184157342056,0.9892466517740395,0.9933487211813606,0.9892466517740395,0,,False,False
2020-10-17,24,0.9978682953956192,0.8463245524063917,0.8689083452049802,0.8463245524063917,0,,False,False
2020-10-18,24,0.8594584699888417,0.8591325740957464,0.9429058495137445,0.8591325740957464,0,,False,False
2020-10-19,24,0.9079213346769651,0.8762322895239095,0.9527598863536454,0.8762322895239095,0,,False,False
2020-10-20,24,0.9246909579433065,0.8203949594851508,0.841285788760537,0.8203949594851508,0,,False,False
2020-10-21,24,0.9267092676810006,0.8150812958487987,0.9455330706636708,0.8150812958487987,0,,False,False
2020-10-22,24,0.9825986308166073,0.9489489827278337,0.9844827008717256,0.9489489827278337,0,,False,False
2020-10-23,24,0.9904610480526339,0.9302166288032176,0.9169854508406047,0.9169854508406047,0,,False,False
2020-10-24,24,0.9803734320791837,0.9463472202182812,0.9742389214442068,0.9463472202182812,0,,False,False
2020-10-25,24,0.9916514552763688,0.937904078489772,0.9708044992822955,0.937904078489772,0,,False,False
2020-10-26,24,0.9916699655367153,0.8561977648859137,0.8817160749152851,0.8561977648859137,0,,False,False
2020-10-27,22,0.9901105997354436,0.7057389857083811,0.6419304545974766,0.6419304545974766,0,,False,False
2020-10-28,24,0.9894021968012711,0.9149905478246264,0.8732525194500926,0.8732525194500926,0,,False,False
2020-10-29,24,0.9794747460402524,0.8157931665690669,0.8724928024480051,0.8157931665690669,0,,False,False
2020-10-30,24,0.9909149896623818,0.9308532194556467,0.938930184084222,0.9308532194556467,0,,False,False
2020-10-31,24,0.9851698419572485,0.902551327700419,0.9285122977007355,0.902551327700419,0,,False,False
2020-11-01,24,0.9643543554670805,0.7226716070261965,0.8444172680975522,0.7226716070261965,0,,False,False
2020-11-02,24,0.9662362460113595,0.984390640301249,0.9799887122915674,0.9662362460113595,0,,False,False
2020-11-03,24,0.9952559638957826,0.960998803220094,0.97459252588233,0.960998803220094,0,,False,False
2020-11-04,24,0.9328260731700231,0.7887878999757177,0.9058078806469168,0.7887878999757177,0,,False,False
2020-11-05,24,0.8843055801034373,0.4829758468165597,0.6799236638637071,0.4829758468165597,0,,False,False
2020-11-06,24,0.9588297845741017,0.9133521458218107,0.9362902163789658,0.9133521458218107,0,,False,False
2020-11-07,24,0.9709774122600028,0.9766461655549953,0.959990962299144,0.959990962299144,0,,False,False
2020-11-08,24,0.9849223245220537,0.9338381025318052,0.8846944899232831,0.8846944899232831,0,,False,False
2020-11-09,24,0.9901440393869495,0.9668952065568635,0.940984408282804,0.940984408282804,0,,False,False
2020-11-10,24,0.9910951330756169,0.9478750377612176,0.9202436014402653,0.9202436014402653,0,,False,False
2020-11-11,24,0.9781902188380639,0.9277688541151043,0.9021434464375095,0.9021434464375095,0,,False,False
2020-11-12,24,0.9370301945969548,0.9240029510475679,0.9563564736932152,0.9240029510475679,0,,False,False
2020-11-13,24,0.9268911916767827,0.9610103995914473,0.9461215193314243,0.9268911916767827,0,,False,False
2020-11-14,24,0.9787165253427347,0.9666780425083384,0.9629655835774014,0.9629655835774014,0,,False,False
2020-11-15,24,0.9734389376320326,0.8680938954773629,0.7771961816776374,0.7771961816776374,0,,False,False
2020-11-16,24,0.9922350752586282,0.935102374272977,0.9561794721908503,0.935102374272977,0,,False,False
2020-11-17,24,0.9144489311637158,0.9144421858150144,0.9134590758389423,0.9134590758389423,0,,False,False
2020-11-18,24,0.9809685135257619,0.9821127265436114,0.971075464714055,0.971075464714055,0,,False,False
2020-11-19,24,0.9525085577639755,0.9712241088822297,0.9768697996292388,0.9525085577639755,0,,False,False
2020-11-20,24,0.9733935656426838,0.9734366259221833,0.9544572317958553,0.9544572317958553,0,,False,False
2020-11-21,24,0.985531257771895,0.9456932135522211,0.9545906678897225,0.9456932135522211,0,,False,False
2020-11-22,24,0.9925736793938338,0.8192224845611784,0.7813363549691195,0.7813363549691195,0,,False,False
2020-11-23,24,0.978818886060543,0.9066797851324245,0.9288931835251527,0.9066797851324245,0,,False,False
2020-11-24,24,0.8872668982060342,0.8415610875484142,0.7114840326106844,0.7114840326106844,0,,False,False
2020-11-25,24,0.959885718806425,0.8896903629163088,0.8894744549024862,0.8894744549024862,0,,False,False
2020-11-26,24,0.9403872395875932,0.7791033289508867,0.8731055910912805,0.7791033289508867,0,,False,False
2020-11-27,24,0.81061418963335,0.8714634370366148,0.719741478534295,0.719741478534295,0,,False,False
2020-11-28,24,0.9884434480159988,0.9569124440028182,0.9296024667947405,0.9296024667947405,0,,False,False
2020-11-29,24,0.9974993209477694,0.9245475842390881,0.9377800579281214,0.9245475842390881,0,,False,False
2020-11-30,24,0.9719193845352422,0.9228371603263488,0.8595187781860585,0.8595187781860585,0,,False,False
2020-12-01,24,0.5525299898406065,0.7957810576650078,0.8438080821634251,0.5525299898406065,1,r_dc1100_dc1700,False,False
2020-12-02,19,0.9526682012143806,0.8840073680781355,0.9612645235837687,0.8840073680781355,0,,False,False
2020-12-03,24,0.8829956034198203,0.7334359215336967,0.8854820888806845,0.7334359215336967,0,,False,False
2020-12-04,24,0.9910581498601791,0.9420221550782814,0.952255796008136,0.9420221550782814,0,,False,False
2020-12-05,24,0.9934835254359463,0.9311328774500017,0.9306297432201575,0.9306297432201575,0,,False,False
2020-12-06,24,0.7715508364516855,0.6757935454687859,0.8555982416409362,0.6757935454687859,0,,False,False
2020-12-07,24,0.9888692249407813,0.9232410427797815,0.9340949046052025,0.9232410427797815,0,,False,False
2020-12-08,24,0.9419000208900264,0.8447896219669455,0.9000744660006023,0.8447896219669455,0,,False,False
2020-12-09,24,0.9269101241226083,0.781663025541516,0.9158628441601291,0.781663025541516,0,,False,False
2020-12-10,24,0.9708569516880737,0.763411740379974,0.8638564933987495,0.763411740379974,0,,False,False
2020-12-11,23,0.9783943695267798,0.9524814224848945,0.9714752115857413,0.9524814224848945,0,,False,False
2020-12-12,24,0.9596620261501225,0.8614194453550766,0.9002655784269721,0.8614194453550766,0,,False,False
2020-12-13,24,0.9922253769913134,0.9619548525682036,0.966787698661181,0.9619548525682036,0,,False,False
2020-12-14,24,0.990326322943717,0.9693826793346019,0.9768493945224462,0.9693826793346019,0,,False,False
2020-12-15,24,0.9961236972976001,0.9452177859165763,0.9466667485736694,0.9452177859165763,0,,False,False
2020-12-16,24,0.9944301302213195,0.9444968000164352,0.9515813665985965,0.9444968000164352,0,,False,False
2020-12-17,24,0.9905073965247602,0.9515170026539664,0.9430538488474267,0.9430538488474267,0,,False,False
2020-12-18,24,0.9901022441962719,0.9504825293303785,0.9634157235612402,0.9504825293303785,0,,False,False
2020-12-19,24,0.9720780535695972,0.8587625082073919,0.8340702927405758,0.8340702927405758,0,,False,False
2020-12-20,24,0.9546004993329645,0.8745616402156594,0.9121880469812199,0.8745616402156594,0,,False,False
2020-12-21,24,0.8956153908422307,0.9302117009302292,0.8871261350162695,0.8871261350162695,0,,False,False
2020-12-22,24,0.8902304088758142,0.44317227755270044,0.7687754284868724,0.44317227755270044,0,,False,False
2020-12-23,24,0.9887982521349489,0.8839496316001463,0.9099505056412865,0.8839496316001463,0,,False,False
2020-12-24,24,0.9455525064893548,0.9410823111055076,0.9408385036479552,0.9408385036479552,0,,False,False
2020-12-25,24,0.9918089281888666,0.9056953390267316,0.930676865686386,0.9056953390267316,0,,False,False
2020-12-26,24,0.9938648342295404,0.9751424952074256,0.9770535678968094,0.9751424952074256,0,,False,False
2020-12-27,24,0.9876285353928035,0.8853190658220872,0.9333567815914461,0.8853190658220872,0,,False,False
2020-12-28,24,0.991113757353556,0.8777416825277289,0.9108321130041308,0.8777416825277289,0,,False,False
2020-12-29,24,0.9711160569121479,0.8301414418187592,0.7707117724519519,0.7707117724519519,0,,False,False
2020-12-30,24,0.9931814052143743,0.9310926686719008,0.9069120044281287,0.9069120044281287,0,,False,False
2020-12-31,24,0.9806801707238388,0.932820999696693,0.9105728968646145,0.9105728968646145,0,,False,False
2021-01-01,24,0.9766643717239323,0.935004233137194,0.9600397049305647,0.935004233137194,0,,False,False
2021-01-02,24,0.9972519043278402,0.9785978582686184,0.9885495602777241,0.9785978582686184,0,,False,False
2021-01-03,24,0.9874866773615241,0.9460022088862368,0.9718644376917255,0.9460022088862368,0,,False,False
2021-01-04,24,0.9937995943792399,0.9639682711227721,0.9743291294270673,0.9639682711227721,0,,False,False
2021-01-05,24,0.9923142384518703,0.9489930468520635,0.9638014628904751,0.9489930468520635,0,,False,False
2021-01-12,24,0.9804429228299814,0.8472279846838034,0.8860366943496518,0.8472279846838034,0,,False,False
2021-01-13,24,0.9939004102532603,0.9573556722311165,0.9699541388707308,0.9573556722311165,0,,False,False
2021-01-14,24,0.9776162762827173,0.7060260451612482,0.7647891792177198,0.7060260451612482,0,,False,False
2021-01-15,24,0.9938678789502774,0.8886586343511408,0.903821359107595,0.8886586343511408,0,,False,False
2021-01-16,24,0.9809842273668206,0.934163118715905,0.9622570837206152,0.934163118715905,0,,False,False
2021-01-17,24,0.9917351421239945,0.9726278665015738,0.9766641718693194,0.9726278665015738,0,,False,False
2021-01-18,24,0.9808115222321834,0.974683322807703,0.9610818277434463,0.9610818277434463,0,,False,False
2021-01-19,24,0.9601581685964379,0.806654686796336,0.8952788584577029,0.806654686796336,0,,False,False
2021-01-20,24,0.9797521586606103,0.8102863123740047,0.7835105101292468,0.7835105101292468,0,,False,False
2021-01-21,24,0.9862739027483102,0.8832021025843035,0.8871449518203922,0.8832021025843035,0,,False,False
2021-01-22,24,0.9795458149916747,0.7157501880618403,0.6820686200435944,0.6820686200435944,0,,False,False
2021-01-23,24,0.9513850016226357,0.7120340672274198,0.6708302598703719,0.6708302598703719,0,,False,False
2021-01-24,24,0.9892700435417029,0.9471812686907839,0.9761554497391236,0.9471812686907839,0,,False,False
2021-01-25,24,0.9856709751496403,0.9515101087684138,0.9767571090356832,0.9515101087684138,0,,False,False
2021-01-26,24,0.8126772203677409,0.3004175173065531,0.7382524700742541,0.3004175173065531,0,,False,False
2021-01-27,24,0.9362488768207108,0.8240427245427387,0.6552764209077334,0.6552764209077334,0,,False,False
2021-01-28,24,0.9430903135511625,0.9428531926238735,0.9380744992785873,0.9380744992785873,0,,False,False
2021-01-29,24,0.9601849725634651,0.7426888613346844,0.8792819135058113,0.7426888613346844,0,,False,False
2021-01-30,24,0.9885092315257996,0.8561011124542848,0.8998700329509602,0.8561011124542848,0,,False,False
2021-01-31,24,0.9918347786923232,0.926012244280653,0.9550935146788753,0.926012244280653,0,,False,False
2021-02-01,24,0.8748478398314948,0.6346060369652217,0.7697334811097652,0.6346060369652217,0,,False,False
2021-02-02,24,0.9827830062317761,0.8370291994857687,0.8931152224222588,0.8370291994857687,0,,False,False
2021-02-03,24,0.9215364013634948,0.8979083497059832,0.9412485128187559,0.8979083497059832,0,,False,False
2021-02-04,24,0.9231194765455818,0.8907302249210164,0.9046146686032487,0.8907302249210164,0,,False,False
2021-02-05,24,0.956118366323552,0.9735179162606008,0.9452038738712056,0.9452038738712056,0,,False,False
2021-02-06,24,0.9244282039645899,0.8553949042268122,0.7657618825405211,0.7657618825405211,0,,False,False
2021-02-07,24,0.7904679056936258,0.8577567310436729,0.9029178670334786,0.7904679056936258,0,,False,False
2021-02-08,24,0.9418167544642244,0.9560515102576137,0.9676685892522968,0.9418167544642244,0,,False,False
2021-02-09,24,0.9986754628529118,0.9459834789033984,0.9468603501055224,0.9459834789033984,0,,False,False
2021-02-10,24,0.9784057872561308,0.860991586488357,0.8061440231502961,0.8061440231502961,0,,False,False
2021-02-11,24,0.9588419603416305,0.9133406708545715,0.8446512777519255,0.8446512777519255,0,,False,False
2021-02-12,24,0.9071332042916433,0.9079177226102154,0.7830420224578942,0.7830420224578942,0,,False,False
2021-02-13,24,0.8830210249894953,0.6301446247140292,0.8681535303788073,0.6301446247140292,0,,False,False
2021-02-14,24,0.9436759350847762,0.858639051522741,0.6969562993746135,0.6969562993746135,0,,False,False
2021-02-15,24,0.7573880252464986,0.8869064659292248,0.6958643252030948,0.6958643252030948,0,,False,False
2021-02-16,24,0.5146973704674673,0.7415086685347203,0.7992314875045914,0.5146973704674673,1,r_dc1100_dc1700,False,False
2021-02-17,24,0.9530888277783034,0.9350048768813704,0.7991980970776542,0.7991980970776542,0,,False,False
2021-02-18,24,0.8496442841718564,0.8255244174915974,0.9410391647606445,0.8255244174915974,0,,False,False
2021-02-19,24,0.7988516792122019,0.6339836313558872,0.6886074227762045,0.6339836313558872,0,,False,False
2021-02-20,24,0.8014045349157858,0.43084998061074914,0.4120067480781807,0.4120067480781807,1,r_dc1700_airvisual,False,False
2021-02-21,24,0.9631527191103719,0.7454655146425708,0.6919686520797541,0.6919686520797541,0,,False,False
2021-02-22,24,0.9396875459750738,0.6635966905584063,0.4982953665027188,0.4982953665027188,1,r_dc1700_airvisual,False,False
2021-02-23,24,0.9202379981673747,0.6519819550668183,0.6931950320328856,0.6519819550668183,0,,False,False
2021-02-24,24,0.9783344918767333,0.9101249387663226,0.8729148409701328,0.8729148409701328,0,,False,False
2021-02-25,24,0.9267796170725118,0.9263299223668338,0.8237604510797948,0.8237604510797948,0,,False,False
2021-02-26,24,0.9158816147652447,0.8629775925673592,0.8090401888078858,0.8090401888078858,0,,False,False
2021-02-27,24,0.9555618375402181,0.949773108923379,0.8402667497045969,0.8402667497045969,0,,False,False
2021-02-28,24,0.8382740071956629,0.8358638400436244,0.4494239006734459,0.4494239006734459,1,r_dc1700_airvisual,False,False
2021-03-01,24,0.9854563836027765,0.5668571980980789,0.5363547999388304,0.5363547999388304,1,r_dc1700_airvisual,False,False
2021-03-02,24,0.9975401216399649,0.9764556094666017,0.9836129339051407,0.9764556094666017,0,,False,False
2021-03-03,24,0.983172211499659,0.8476722125349205,0.8627864085810301,0.8476722125349205,0,,False,False
2021-03-04,24,0.9595701451197235,0.9230921131618914,0.9193329930042116,0.9193329930042116,0,,False,False
2021-03-05,24,0.9860619234184101,0.913488171803162,0.9222012880766519,0.913488171803162,0,,False,False
2021-03-06,24,0.9294982439476612,0.8025444322427927,0.7943604455083428,0.7943604455083428,0,,False,False
2021-03-07,24,0.9408512037230659,0.5932470489501142,0.488281761585049,0.488281761585049,1,r_dc1700_airvisual,False,False
2021-03-08,24,0.9882467965458684,0.8743598024327497,0.9112716498056366,0.8743598024327497,0,,False,False
2021-03-09,24,0.99125315104411,0.8630713634738438,0.8570274454603163,0.8570274454603163,0,,False,False
2021-03-10,24,0.9892440215839323,0.9488811484969678,0.9482580723469058,0.9482580723469058,0,,False,False
2021-03-11,24,0.9883428516475311,0.8959224446876815,0.8767292118834726,0.8767292118834726,0,,False,False
2021-03-12,24,0.9440639668518407,0.7518457548710837,0.6669566656282322,0.6669566656282322,0,,False,False
2021-03-13,24,0.8740070391935647,0.2876057318937974,-0.00012304732707048638,-0.00012304732707048638,2,r_dc1100_airvisual;r_dc1700_airvisual,True,True
2021-03-14,24,0.8822297802105394,0.8818833341159631,0.770857719402506,0.770857719402506,0,,False,False
2021-03-15,24,0.9565555080950223,0.9585916048522474,0.971522906271383,0.9565555080950223,0,,False,False
2021-03-16,24,0.9128813702046685,0.9421374605044146,0.7918265140786808,0.7918265140786808,0,,False,False
2021-03-17,24,0.9621751899203989,0.96983257779823,0.9584673655835286,0.9584673655835286,0,,False,False
2021-03-18,24,0.9569578236592959,0.9304309539985229,0.8583229102054392,0.8583229102054392,0,,False,False
2021-03-19,24,0.9803890025412951,0.9821851889599678,0.9674367478674807,0.9674367478674807,0,,False,False
2021-03-20,24,0.9761749938210109,0.9306482913529747,0.9347051419992352,0.9306482913529747,0,,False,False
2021-03-21,24,0.9952589856700149,0.9762360787959571,0.9879415605372776,0.9762360787959571,0,,False,False
2021-03-22,24,0.9905591272027829,0.9511299003836741,0.9738449594144408,0.9511299003836741,0,,False,False
2021-03-23,24,0.9931095091885306,0.945192167645306,0.9609218239135144,0.945192167645306,0,,False,False
2021-03-24,24,0.986007993628799,0.9464121055313116,0.9212091312838485,0.9212091312838485,0,,False,False
2021-03-25,24,0.9483725486257732,0.8054473464522451,0.8165981592087725,0.8054473464522451,0,,False,False
2021-03-26,24,0.9952279728701188,0.892771026483237,0.9067680047556983,0.892771026483237,0,,False,False
2021-03-27,24,0.9056622530243826,0.7393542558348589,0.8494340654748714,0.7393542558348589,0,,False,False
2021-03-28,24,0.9238074265887669,0.7259344114917807,0.8786343000556414,0.7259344114917807,0,,False,False
2021-03-29,24,0.9498960547943284,0.2391702458281179,0.4994002069062465,0.2391702458281179,2,r_dc1100_airvisual;r_dc1700_airvisual,True,False
2021-03-30,24,0.9511008358087916,0.5899007980418832,0.7114571532043412,0.5899007980418832,0,,False,False
2021-03-31,24,0.9009687400715215,0.4827094188398379,0.7662988677986121,0.4827094188398379,0,,False,False
2021-04-02,24,0.9360761682498464,0.7937200384260088,0.9354523564536291,0.7937200384260088,0,,False,False
2021-04-03,24,0.6375504599548278,0.41131101707225215,0.9126718264874168,0.41131101707225215,1,r_dc1100_dc1700,False,False
2021-04-04,24,0.9464864389029247,0.880342149880407,0.94588566482975,0.880342149880407,0,,False,False
2021-04-05,24,0.9904670003487923,0.9612688607581422,0.9607730362947453,0.9607730362947453,0,,False,False
2021-04-06,24,0.9623989984822926,0.9386512742724112,0.9680345284621247,0.9386512742724112,0,,False,False
2021-04-07,24,0.9955768733080272,0.9582142787245186,0.9531539815046832,0.9531539815046832,0,,False,False
2021-04-08,24,0.998423491063665,0.9572059710990051,0.9606764544789661,0.9572059710990051,0,,False,False
2021-04-09,24,0.9913450385082471,0.9671712840934569,0.9711144747824764,0.9671712840934569,0,,False,False
2021-04-10,24,0.9905071007882826,0.9737818816778899,0.9728731545238719,0.9728731545238719,0,,False,False
2021-04-11,24,0.9945824361876177,0.9963372801103847,0.9929415244347465,0.9929415244347465,0,,False,False
2021-04-12,24,0.9952718740092543,0.9743140694315864,0.9770351868099377,0.9743140694315864,0,,False,False
2021-04-13,24,0.9939631253892272,0.978880180401229,0.979387103443239,0.978880180401229,0,,False,False
2021-04-14,24,0.9339613359142759,0.6079247269864217,0.7889405264587688,0.6079247269864217,0,,False,False
2021-04-15,24,0.9575891618630976,0.9191745094260397,0.9208486162582484,0.9191745094260397,0,,False,False
2021-04-16,24,0.9322207133066013,0.8206200504003417,0.9336146432999797,0.8206200504003417,0,,False,False
2021-04-17,24,0.9982267797167247,0.9791824081998786,0.9814239877585147,0.9791824081998786,0,,False,False
2021-04-18,24,0.9861483313474693,0.9744273391772444,0.9715298696171628,0.9715298696171628,0,,False,False
2021-04-19,24,0.9924174814838082,0.966521365796854,0.9703582516798105,0.966521365796854,0,,False,False
2021-04-20,24,0.9683649054132366,0.3784637045035906,0.5159611046267547,0.3784637045035906,1,r_dc1700_airvisual,False,False
2021-04-21,24,0.953143428011299,0.32374399737392623,0.5780189722894382,0.32374399737392623,0,,False,False
2021-04-22,24,0.9502675757852672,0.20345175535057736,0.48364665122785483,0.20345175535057736,2,r_dc1100_airvisual;r_dc1700_airvisual,True,False
2021-04-23,24,0.9679862747264973,0.5323835163566255,0.7063647580448422,0.5323835163566255,0,,False,False
2021-04-24,24,0.8322432115262403,0.3721744859054835,0.7695255212315859,0.3721744859054835,0,,False,False
2021-04-25,24,0.8796757650937358,0.8269232674808302,0.9539186594818968,0.8269232674808302,0,,False,False
2021-04-26,24,0.9797966812999644,0.9531791330398193,0.9577495294399729,0.9531791330398193,0,,False,False
2021-04-27,24,0.9690084069968737,0.9015501909286562,0.9384117399195242,0.9015501909286562,0,,False,False
2021-04-28,24,0.9852380901240967,0.9271255284239915,0.931713725238699,0.9271255284239915,0,,False,False
2021-04-29,24,0.9975064892914208,0.9717587449068034,0.976226583540926,0.9717587449068034,0,,False,False
2021-04-30,24,0.9772256957751894,0.8634416977327173,0.8419737802548337,0.8419737802548337,0,,False,False
2021-05-01,24,0.9668344650794091,0.9658909779655676,0.9439211277297667,0.9439211277297667,0,,False,False
2021-05-02,24,0.9842152736022927,0.9502660744769162,0.9702629114084144,0.9502660744769162,0,,False,False
2021-05-03,24,0.49977647695196903,0.029180302517704444,0.7841402593553386,0.029180302517704444,2,r_dc1100_dc1700;r_dc1100_airvisual,True,True
2021-05-06,24,0.9880852570569626,0.972757212965831,0.9847023444927673,0.972757212965831,0,,False,False
2021-05-07,24,0.98052481744431,0.9831278118171703,0.9591256989436513,0.9591256989436513,0,,False,False
2021-05-08,24,0.6881582755604994,0.3417307095083421,0.8763149129831325,0.3417307095083421,1,r_dc1100_dc1700,False,False
2021-05-09,24,0.8562865946205006,0.6442890152557733,0.8058470880714125,0.6442890152557733,0,,False,False
2021-05-10,24,0.625506412172026,0.47547236251439295,0.8109759131455018,0.47547236251439295,1,r_dc1100_dc1700,False,False
2021-05-11,24,0.9686466027233454,0.7799936775008854,0.8368257147261255,0.7799936775008854,0,,False,False
2021-05-12,24,0.9763296589122445,0.8774694530612316,0.9317669502021156,0.8774694530612316,0,,False,False
2021-05-13,24,0.9497076829338519,0.9064261885309017,0.9710025560497987,0.9064261885309017,0,,False,False
2021-05-14,24,0.9368579705110324,0.29766370218718574,0.4635928725441314,0.29766370218718574,2,r_dc1100_airvisual;r_dc1700_airvisual,True,False
2021-05-15,24,0.9019602549155132,0.2458502864020061,0.6117053821550723,0.2458502864020061,1,r_dc1100_airvisual,False,False
2021-05-16,24,0.9177038403057487,0.046165456315127876,0.3991362146329251,0.046165456315127876,2,r_dc1100_airvisual;r_dc1700_airvisual,True,True
2021-05-17,24,0.9597549083255352,0.30708470759477036,0.5408056383124858,0.30708470759477036,1,r_dc1700_airvisual,False,False
2021-05-18,24,0.9831344899755893,0.4993770995394057,0.6243536487471482,0.4993770995394057,0,,False,False
2021-05-19,24,0.9380485789067037,0.2112207811083387,0.5027652858915966,0.2112207811083387,2,r_dc1100_airvisual;r_dc1700_airvisual,True,False
2021-05-20,24,0.9799897680025429,0.5033658320912633,0.6381706321935756,0.5033658320912633,0,,False,False
2021-05-21,24,0.9124073145669348,0.1981341894516642,0.5483916895319577,0.1981341894516642,2,r_dc1100_airvisual;r_dc1700_airvisual,True,True
2021-05-23,24,0.9414823533980058,0.325399750091191,0.6010044596562771,0.325399750091191,0,,False,False
2021-05-27,24,0.9691331511731532,0.8708505820939622,0.9265138232221404,0.8708505820939622,0,,False,False
2021-05-28,24,0.9915351919609487,0.9231866015178934,0.9620379045560324,0.9231866015178934,0,,False,False
2021-05-29,24,0.974421121326071,0.8519502255261111,0.9218170093016387,0.8519502255261111,0,,False,False
2021-05-30,24,0.9871014772934508,0.9390301472597424,0.9204284674905316,0.9204284674905316,0,,False,False
2021-05-31,24,0.9870240232777043,0.9253345438167371,0.8909630190767768,0.8909630190767768,0,,False,False
2021-06-01,24,0.993086768907296,0.9163453838956784,0.9355107449060744,0.9163453838956784,0,,False,False
2021-06-02,24,0.9788324268520691,0.9296040970653798,0.8831845984749576,0.8831845984749576,0,,False,False
2021-06-03,24,0.9663763217109926,0.818359921242025,0.7248509273123942,0.7248509273123942,0,,False,False
2021-06-04,24,0.9950374356071038,0.9511132156294954,0.970143950417953,0.9511132156294954,0,,False,False
2021-06-05,24,0.9449817432497147,0.7520856073152542,0.8471049761775258,0.7520856073152542,0,,False,False
2021-06-06,24,0.6139174753935561,0.7214853586386654,0.613723716827567,0.613723716827567,1,r_dc1100_dc1700,False,False
2021-06-07,24,0.990955245045588,0.9259800910599684,0.955296455366409,0.9259800910599684,0,,False,False
2021-06-08,24,0.9673372075990291,0.892526684526807,0.9411586034692615,0.892526684526807,0,,False,False
2021-06-09,24,0.9763168593049043,0.9269909747482222,0.9351836206310955,0.9269909747482222,0,,False,False
2021-06-10,24,0.9493348636428581,0.8638922139393947,0.9421708256662396,0.8638922139393947,0,,False,False
2021-06-11,24,0.9659170049978606,0.7886508450778185,0.8927006940616441,0.7886508450778185,0,,False,False
2021-06-12,24,0.9855545397232708,0.9056134740567311,0.9366548658936394,0.9056134740567311,0,,False,False
2021-06-13,24,0.9060213305167684,0.6280781808115127,0.8834213574374981,0.6280781808115127,0,,False,False
2021-06-14,24,0.9748232891487284,0.8502404497128095,0.9362382944236276,0.8502404497128095,0,,False,False
2021-06-15,24,0.9961601239171876,0.9883171868296531,0.9947984179747091,0.9883171868296531,0,,False,False
2021-06-16,24,0.9953179193399128,0.9743086201280053,0.989301565895748,0.9743086201280053,0,,False,False
2021-06-17,24,0.9877878195381611,0.9331311176044177,0.9732506576286702,0.9331311176044177,0,,False,False
2021-06-18,24,0.9857262769829009,0.9179937325877949,0.967335741651066,0.9179937325877949,0,,False,False
2021-06-19,24,0.9896442317912522,0.9288981538803456,0.9621287905046075,0.9288981538803456,0,,False,False
2021-06-20,24,0.9780445021624585,0.945411567305359,0.960021928971694,0.945411567305359,0,,False,False
2021-06-21,24,0.9942849034212049,0.944784772331457,0.9592280057662202,0.944784772331457,0,,False,False
2021-06-22,24,0.969080359761131,0.658110003506981,0.797367557427529,0.658110003506981,0,,False,False
2021-06-23,24,0.9868745991218336,0.969438583444554,0.9840463515028524,0.969438583444554,0,,False,False
2021-06-24,24,0.9843612984418451,0.9629718766860993,0.9728242791716563,0.9629718766860993,0,,False,False
2021-06-25,24,0.9727102359880822,0.9235515275612624,0.9367315249692321,0.9235515275612624,0,,False,False
2021-06-26,24,0.9710212708377514,0.9174833851632649,0.9368263809114142,0.9174833851632649,0,,False,False
2021-06-27,24,0.9888858832547202,0.8319171367737782,0.8929975294320991,0.8319171367737782,0,,False,False
2021-06-28,24,0.956288998701131,0.8889233782658895,0.9580303881957493,0.8889233782658895,0,,False,False
2021-06-29,24,0.9919871824672014,0.911494790939183,0.9139565572170564,0.911494790939183,0,,False,False
2021-06-30,24,0.9572335626706294,0.8383657350499458,0.9044467784240753,0.8383657350499458,0,,False,False
2021-07-01,24,0.9959833611913168,0.9598065369895938,0.965894480195664,0.9598065369895938,0,,False,False
2021-07-02,24,0.9965547505725897,0.9720965647588184,0.9841218100749287,0.9720965647588184,0,,False,False
2021-07-03,24,0.9927186307232811,0.9508658807061972,0.9698087293174863,0.9508658807061972,0,,False,False
2021-07-04,24,0.992193779363436,0.9636701541183651,0.9729136800572102,0.9636701541183651,0,,False,False
2021-07-05,24,0.9769571765969741,0.9125933644885867,0.9353420194084938,0.9125933644885867,0,,False,False
2021-07-06,24,0.9876934321082166,0.8679162672855539,0.9196956149419894,0.8679162672855539,0,,False,False
2021-07-07,19,0.9917895863207689,0.8059771745196321,0.8582354059905961,0.8059771745196321,0,,False,False
2021-07-08,24,0.9687508306523377,0.8512422549995788,0.9321086062602039,0.8512422549995788,0,,False,False
2021-07-09,24,0.9821469294286357,0.8595287869421399,0.9325144675575631,0.8595287869421399,0,,False,False
2021-07-10,24,0.970785850699065,0.664119815573512,0.7831879371491778,0.664119815573512,0,,False,False
2021-07-11,24,0.9585735492329173,0.429251939800748,0.6057503421457354,0.429251939800748,0,,False,False
2021-07-12,24,0.9881175440721177,0.8388090958802442,0.8728563497306141,0.8388090958802442,0,,False,False
2021-07-13,24,0.9952970963571243,0.7146568921843982,0.7188026912759433,0.7146568921843982,0,,False,False
2021-07-24,21,0.9748845026908544,0.6320720200699326,0.7752804272271857,0.6320720200699326,0,,False,False
2021-07-25,24,0.9919803120344555,0.8317680424913245,0.8770881997204647,0.8317680424913245,0,,False,False
2021-07-26,24,0.9954877500565783,0.8262247109337574,0.8595870947700339,0.8262247109337574,0,,False,False
2021-07-27,24,0.997333081724952,0.9156319011294374,0.9318954822114138,0.9156319011294374,0,,False,False
2021-07-28,24,0.9832205536081798,0.8939902971785832,0.9457609689236703,0.8939902971785832,0,,False,False
2021-07-29,24,0.9761727345842591,0.9156761085569076,0.9290732594031058,0.9156761085569076,0,,False,False
2021-07-30,24,0.9315193258231789,0.8950087602052185,0.9531970148092286,0.8950087602052185,0,,False,False
2021-07-31,24,0.9841388387973773,0.8409804068509849,0.8830316564956118,0.8409804068509849,0,,False,False
2021-08-01,24,0.9954697965630306,0.9405354841906169,0.9503904744558553,0.9405354841906169,0,,False,False
2021-08-02,24,0.9747566189678291,0.6471736092335177,0.7552804386119791,0.6471736092335177,0,,False,False
2021-08-03,24,0.9958284613871031,0.8066879600559216,0.8521827313603134,0.8066879600559216,0,,False,False
2021-08-04,24,0.9966560839327564,0.9510100287233695,0.9659577046624385,0.9510100287233695,0,,False,False
2021-08-05,24,0.9839312011556267,0.9757058200681407,0.9915057698278037,0.9757058200681407,0,,False,False
2021-08-06,24,0.9985329856455835,0.9858553096083232,0.9909045872568375,0.9858553096083232,0,,False,False
2021-08-07,24,0.9050841333930436,0.648075081803289,0.8857558594510182,0.648075081803289,0,,False,False
2021-08-08,24,0.9642378724593897,0.8217135588047962,0.9130285423354186,0.8217135588047962,0,,False,False
2021-08-09,24,0.9112735752636342,0.9686138920508817,0.8590531775638952,0.8590531775638952,0,,False,False
2021-08-10,24,0.9949850881343966,0.9776237922910413,0.9870182173002241,0.9776237922910413,0,,False,False
2021-08-11,24,0.9873178764868081,0.9535274347498529,0.9522648590805706,0.9522648590805706,0,,False,False
2021-08-12,24,0.9922362168058485,0.9156326289025049,0.9405628642906445,0.9156326289025049,0,,False,False
2021-08-13,24,0.9939810818826259,0.932060333970342,0.9403171839944754,0.932060333970342,0,,False,False
2021-08-14,24,0.9881920986989179,0.9636595227309331,0.9741524193427707,0.9636595227309331,0,,False,False
2021-08-15,24,0.9959640415623155,0.9812141315937379,0.9881561174637103,0.9812141315937379,0,,False,False
2021-08-16,24,0.9927184037227809,0.8980060551343868,0.9223734817550677,0.8980060551343868,0,,False,False
2021-08-17,24,0.9957057796236807,0.9686665966306074,0.9789087752653454,0.9686665966306074,0,,False,False
2021-08-18,24,0.9923789187531726,0.9109869140996731,0.9304969863243924,0.9109869140996731,0,,False,False
2021-08-19,24,0.9899299586966486,0.8598968467879385,0.9097900494327316,0.8598968467879385,0,,False,False
2021-08-20,24,0.9481173405385079,0.5839737193944113,0.7125189236778926,0.5839737193944113,0,,False,False
2021-08-21,24,0.9614566146271265,0.8420699006517252,0.9122340449975025,0.8420699006517252,0,,False,False
2021-08-22,24,0.8390245789467198,0.5754576878536071,0.8760521788760499,0.5754576878536071,0,,False,False
2021-08-23,24,0.732053740367441,0.7116966114951234,0.9721941684093034,0.7116966114951234,0,,False,False
2021-08-24,24,0.9520418863413372,0.8328808426030371,0.8812156565806807,0.8328808426030371,0,,False,False
2021-08-25,24,0.9810643956258321,0.920366398880886,0.9160273811294505,0.9160273811294505,0,,False,False
2021-08-26,24,0.9632273455518248,0.7770994985820562,0.8672551618577531,0.7770994985820562,0,,False,False
2021-08-27,24,0.8133569458568223,0.656720523156131,0.9426210021054917,0.656720523156131,0,,False,False
2021-08-28,24,0.8274789003313896,0.24347716414039003,0.6594426632583744,0.24347716414039003,1,r_dc1100_airvisual,False,False
2021-08-29,24,0.9818692256537791,0.8229624674458957,0.8447514552271623,0.8229624674458957,0,,False,False
2021-08-30,24,0.9764610570721878,0.8362161239509016,0.9203896435993976,0.8362161239509016,0,,False,False
2021-08-31,24,0.9198893171378772,0.5483415661155914,0.8211223095811276,0.5483415661155914,0,,False,False
2021-09-01,24,0.9745927976561063,0.8638874275430106,0.9197283476271274,0.8638874275430106,0,,False,False
2021-09-02,24,0.9508135591905394,0.7629226979271336,0.8281129076597568,0.7629226979271336,0,,False,False
2021-09-03,24,0.936309169034522,0.7210970351245232,0.8147489249778035,0.7210970351245232,0,,False,False
2021-09-04,24,0.9630775333273458,0.7811531002475534,0.8945258675980674,0.7811531002475534,0,,False,False
2021-09-05,24,0.9537257693960091,0.7891261930543254,0.8505209918416234,0.7891261930543254,0,,False,False
2021-09-06,24,0.9237973463484119,0.8509088726331008,0.9689325251102099,0.8509088726331008,0,,False,False
2021-09-07,24,0.9396659301270925,0.9013562246716696,0.9784466772843998,0.9013562246716696,0,,False,False
2021-09-08,24,0.7576680234762412,0.7053032342155888,0.969614447097849,0.7053032342155888,0,,False,False
2021-09-09,24,0.04657272811749253,-0.10483496009377634,0.9533556734502499,-0.10483496009377634,2,r_dc1100_dc1700;r_dc1100_airvisual,True,True
2021-09-10,24,0.9183493734637267,0.8633123673129548,0.9612285262393155,0.8633123673129548,0,,False,False
2021-09-11,24,0.9234448528478619,0.8126754286148755,0.9651388085290845,0.8126754286148755,0,,False,False
2021-09-12,24,0.9419590891094578,0.9289352189739022,0.921857251725481,0.921857251725481,0,,False,False
2021-09-13,24,0.8964662457069732,0.8883786186739444,0.9527347324652882,0.8883786186739444,0,,False,False
2021-09-14,24,0.9537033144976392,0.8313842812796189,0.9403685947602549,0.8313842812796189,0,,False,False
2021-09-15,24,0.9469738048916347,0.8572562218233776,0.9360716218740333,0.8572562218233776,0,,False,False
2021-09-16,24,0.755842444408562,0.44302887783660977,0.8441303933542054,0.44302887783660977,0,,False,False
2021-09-17,24,0.35578628303150844,0.29235691704483285,0.8919409088315523,0.29235691704483285,2,r_dc1100_dc1700;r_dc1100_airvisual,True,False
2021-09-18,24,0.9678103993845734,0.8120069427115996,0.9159621753277203,0.8120069427115996,0,,False,False
2021-09-19,24,0.8683316754495721,0.8244183309862354,0.9865903730151594,0.8244183309862354,0,,False,False
2021-09-20,24,0.9801175459903358,0.9459680884068987,0.9685635211112995,0.9459680884068987,0,,False,False
2021-09-21,24,0.9526700430063321,0.900543795695615,0.918538324459304,0.900543795695615,0,,False,False
2021-09-22,24,0.9484028063393353,0.829025215485616,0.9557003563437032,0.829025215485616,0,,False,False
2021-09-23,24,0.9519612357295846,0.8344338340984604,0.9383894415866646,0.8344338340984604,0,,False,False
2021-09-24,24,0.9801560563739028,0.9400568045674772,0.9805061314395511,0.9400568045674772,0,,False,False
2021-09-25,24,0.8075204681979907,0.7270317203974587,0.9279472915549305,0.7270317203974587,0,,False,False
2021-09-26,24,0.719923515721482,0.592085975913662,0.9147008267679486,0.592085975913662,0,,False,False
2021-09-27,24,0.8605875466498603,0.5395610943275021,0.8250687958556874,0.5395610943275021,0,,False,False
2021-09-28,24,0.9834337728084729,0.9817959407485117,0.9641239845443793,0.9641239845443793,0,,False,False
2021-09-29,24,0.8825766962426672,0.5677775880548757,0.8331039928817373,0.5677775880548757,0,,False,False
2021-09-30,24,0.9655082580787453,0.7009715527087499,0.8347894833800952,0.7009715527087499,0,,False,False
2021-10-01,24,0.9806312050777889,0.8912812636647495,0.9422057478691468,0.8912812636647495,0,,False,False
2021-10-02,24,0.9895329394511685,0.9541914813549022,0.9674744017084229,0.9541914813549022,0,,False,False
2021-10-03,24,0.9652430583626119,0.9000142345368395,0.9345702444690418,0.9000142345368395,0,,False,False
2021-10-04,24,0.9013276260715282,0.8611539042528735,0.9558071559738976,0.8611539042528735,0,,False,False
2021-10-05,24,0.9605177869310206,0.9270972528355367,0.9413242453049797,0.9270972528355367,0,,False,False
2021-10-06,24,0.9135531021802002,0.737236207714642,0.9180099366361527,0.737236207714642,0,,False,False
2021-10-07,24,0.9720106820172403,0.9303568223251696,0.9339962191260983,0.9303568223251696,0,,False,False
2021-10-08,24,0.9438786522531464,0.9910650579746,0.9272973650434871,0.9272973650434871,0,,False,False
2021-10-09,24,0.9911887723841034,0.9298191705147008,0.9396129936085345,0.9298191705147008,0,,False,False
2021-10-10,24,0.94736494788583,0.9509152052820377,0.9640885863260191,0.94736494788583,0,,False,False
2021-10-11,24,0.8477112626853794,0.7756309900571855,0.9361131900778966,0.7756309900571855,0,,False,False
2021-10-12,24,0.6644685165363555,0.4013227291945431,0.9187118532423656,0.4013227291945431,1,r_dc1100_dc1700,False,False
2021-10-13,24,0.9001046387267793,0.753319905228207,0.915083449302608,0.753319905228207,0,,False,False
2021-10-14,24,0.9223264962536997,0.9160615903090892,0.9788353132173284,0.9160615903090892,0,,False,False
2021-10-15,24,0.22714749377243917,0.14872802451577,0.8904116859652195,0.14872802451577,2,r_dc1100_dc1700;r_dc1100_airvisual,True,True
2021-10-16,24,0.8497833671186527,0.828435309402101,0.9887493111064805,0.828435309402101,0,,False,False
2021-10-17,24,0.42476342515709214,0.31607285552167713,0.908765828090458,0.31607285552167713,1,r_dc1100_dc1700,False,False
2021-10-18,24,0.5209349370322799,0.38737560368908214,0.9107797366764953,0.38737560368908214,1,r_dc1100_dc1700,False,False
2021-10-19,24,0.8616937143315864,0.9529145930102797,0.8864496669337342,0.8616937143315864,0,,False,False
2021-10-20,24,0.9266339031115789,0.9707531919149852,0.9476212909128552,0.9266339031115789,0,,False,False
2021-10-21,24,0.9931659206011969,0.9927649611932416,0.9937116636853499,0.9927649611932416,0,,False,False
2021-10-22,24,0.9913733116596747,0.9423451549222224,0.9381150340081288,0.9381150340081288,0,,False,False
2021-10-23,24,0.9934177300504319,0.9702910641368915,0.9618261463027533,0.9618261463027533,0,,False,False
2021-10-24,24,0.9897051331564416,0.9637486525969172,0.9590127712638954,0.9590127712638954,0,,False,False
2021-10-25,24,0.9527316050488837,0.9136960533786386,0.7955931512518412,0.7955931512518412,0,,False,False
2021-10-26,24,0.5765681332483679,0.7122607250283897,0.5316328658915572,0.5316328658915572,2,r_dc1100_dc1700;r_dc1700_airvisual,True,False
2021-10-27,24,0.8892214111287731,0.9671543175039884,0.8924594152161572,0.8892214111287731,0,,False,False
2021-10-28,24,0.9227069110029711,0.9673282791827097,0.8991117364649297,0.8991117364649297,0,,False,False
2021-10-29,24,0.9489671883604397,0.8788635293577876,0.9611202589486709,0.8788635293577876,0,,False,False
2021-10-30,24,0.9520307575234129,0.9157022467802656,0.9886437444535432,0.9157022467802656,0,,False,False
2021-10-31,24,0.9148847257296578,0.8209366617583101,0.9315879155117155,0.8209366617583101,0,,False,False
2021-11-01,24,0.9272172372983443,0.8784159193800369,0.9680281241763234,0.8784159193800369,0,,False,False
2021-11-02,24,0.8650372879368884,0.6710863411861175,0.8960174954463163,0.6710863411861175,0,,False,False
2021-11-03,24,0.9681762379937804,0.8822582088955716,0.8738817793054667,0.8738817793054667,0,,False,False
2021-11-04,24,0.9804398826909327,0.9395391088153578,0.9690921890258074,0.9395391088153578,0,,False,False
2021-11-05,24,0.9846597917856725,0.9700662180696505,0.9776421818018756,0.9700662180696505,0,,False,False
2021-11-06,24,0.8899991018087804,0.6097848049868063,0.8658109716941865,0.6097848049868063,0,,False,False
2021-11-07,24,0.9013191626364824,0.7924278327525465,0.9509097652890101,0.7924278327525465,0,,False,False
2021-11-08,24,0.9120861260864109,0.9484363720363826,0.9629252455179265,0.9120861260864109,0,,False,False
2021-11-09,24,0.9967591215089243,0.9913439867720523,0.996511863885559,0.9913439867720523,0,,False,False
2021-11-10,24,0.9842270634786344,0.9814178508317752,0.9804029934682172,0.9804029934682172,0,,False,False
2021-11-11,24,0.9963276675805363,0.947196855245279,0.9469744880456485,0.9469744880456485,0,,False,False
2021-11-12,24,0.9307170975420027,0.9762753587086849,0.9149535097699223,0.9149535097699223,0,,False,False
2021-11-13,24,0.9848405111539069,0.9395800670755764,0.9597413140544288,0.9395800670755764,0,,False,False
2021-11-14,24,0.9451473467872736,0.9309459656614518,0.8149620645966655,0.8149620645966655,0,,False,False
2021-11-15,24,0.8355952047178304,0.9730083414025992,0.8121170700100057,0.8121170700100057,0,,False,False
2021-11-16,24,0.446065208352225,0.8419085676774983,0.7385698964672552,0.446065208352225,1,r_dc1100_dc1700,False,False
2021-11-17,24,0.8606966636940354,0.9548988589992405,0.9220726431433067,0.8606966636940354,0,,False,False
2021-11-18,24,0.9663478177066516,0.9711302354132234,0.9808745592308263,0.9663478177066516,0,,False,False
2021-11-19,24,0.8441054801705483,0.8547751608472313,0.8742690727677577,0.8441054801705483,0,,False,False
2021-11-20,24,0.91660244852038,0.9407426173447307,0.9653212185662888,0.91660244852038,0,,False,False
2021-11-21,24,0.975266757114428,0.9535373653807167,0.9461641483443922,0.9461641483443922,0,,False,False
2021-11-22,24,0.9981863798922698,0.9945645221832883,0.9978349930977832,0.9945645221832883,0,,False,False
2021-11-23,24,0.9967650485904642,0.9908343828164949,0.993619419797721,0.9908343828164949,0,,False,False
2021-11-24,24,0.9788756624537741,0.940924789832938,0.9823479406274153,0.940924789832938,0,,False,False
2021-11-25,24,0.9606993988533237,0.9603676094738682,0.9704603078839423,0.9603676094738682,0,,False,False
2021-11-26,24,0.9703024649625837,0.9539094876766345,0.9528313418904131,0.9528313418904131,0,,False,False
2021-11-27,24,0.9695535397210704,0.9903406121412988,0.9776415772106104,0.9695535397210704,0,,False,False
2021-11-28,24,0.9050727899338725,0.8813335340010153,0.9246234639199676,0.8813335340010153,0,,False,False
2021-11-29,24,0.8518554350585433,0.9287307011134799,0.95673775972512,0.8518554350585433,0,,False,False
2021-11-30,24,0.979550974243022,0.9670470170472122,0.9325497366634065,0.9325497366634065,0,,False,False
2021-12-01,24,0.993167832338731,0.980507330748742,0.9727256531235827,0.9727256531235827,0,,False,False
2021-12-02,24,0.9889873345927616,0.9698881382510801,0.9551496574484974,0.9551496574484974,0,,False,False
2021-12-03,24,0.9620304906510866,0.9713806991227685,0.9491773930964412,0.9491773930964412,0,,False,False
2021-12-04,24,0.8869090916475834,0.9616940448901428,0.959387107893442,0.8869090916475834,0,,False,False
2021-12-05,24,0.8508632090225693,0.9304773423671322,0.9252372204394855,0.8508632090225693,0,,False,False
2021-12-06,24,0.938363906754659,0.9541931598096728,0.9689083922887333,0.938363906754659,0,,False,False
2021-12-07,24,0.8439625011435536,0.900141223782136,0.9320757893681337,0.8439625011435536,0,,False,False
2021-12-08,24,0.8971785349677692,0.8570506933422659,0.9176990566365663,0.8570506933422659,0,,False,False
2021-12-09,24,0.7387079835116841,0.398531414273501,0.7745393844799966,0.398531414273501,0,,False,False
2021-12-10,24,0.8349465316465922,0.7386647627486606,0.9678012389028594,0.7386647627486606,0,,False,False
2021-12-11,24,0.8993714945670955,0.903815954212695,0.941170355343294,0.8993714945670955,0,,False,False
2021-12-12,24,0.8555892560181867,0.932074147766669,0.9489740104802826,0.8555892560181867,0,,False,False
2021-12-13,24,0.9587443872559918,0.9697224410145349,0.9726435808171361,0.9587443872559918,0,,False,False
2021-12-14,24,0.6640758938991805,0.7963608528284878,0.8343026518981639,0.6640758938991805,1,r_dc1100_dc1700,False,False
2021-12-15,24,0.9574594688405282,0.9814881997834849,0.9672909719003556,0.9574594688405282,0,,False,False
2021-12-16,24,0.8851570459464011,0.6175605170638175,0.8043262576446076,0.6175605170638175,0,,False,False
2021-12-17,24,0.9707965354798112,0.9862456491316532,0.9784440408216012,0.9707965354798112,0,,False,False
2022-03-01,24,0.8570553288193681,0.8113810894265743,0.9595907573921314,0.8113810894265743,0,,False,False
2022-03-02,24,0.9490646031598186,0.9752075084013009,0.9817131678004838,0.9490646031598186,0,,False,False
2022-03-03,24,0.9404712208820489,0.9162290776958777,0.9910832833229423,0.9162290776958777,0,,False,False
2022-03-04,24,0.9302979642557014,0.09525569227907857,0.30715405794550993,0.09525569227907857,2,r_dc1100_airvisual;r_dc1700_airvisual,True,True
2022-03-05,24,0.9093349719445492,0.8374596434926352,0.8276726745683277,0.8276726745683277,0,,False,False
2022-03-06,24,0.9300623153393438,0.908272625669427,0.8823956396516387,0.8823956396516387,0,,False,False
2022-03-07,24,0.9499599897908815,0.8735285625498291,0.7589212234231404,0.7589212234231404,0,,False,False
2022-03-08,24,0.9475675125427929,0.9722652093205563,0.958885325262552,0.9475675125427929,0,,False,False
2022-03-09,24,0.9464916705724744,0.770433289233383,0.7391686957026173,0.7391686957026173,0,,False,False
2022-03-10,24,0.9712266247794201,0.941912674051265,0.940741808790881,0.940741808790881,0,,False,False
2022-03-11,24,0.9581195298756884,0.17814739860124842,0.3734827045677139,0.17814739860124842,2,r_dc1100_airvisual;r_dc1700_airvisual,True,True
2022-03-12,24,0.9586696334934768,0.9022728074843349,0.8403256012759219,0.8403256012759219,0,,False,False
2022-03-13,24,0.9913534051697601,0.812630254593336,0.8090332057003107,0.8090332057003107,0,,False,False
2022-03-14,24,0.9388630350068333,0.8164951068600007,0.8821809202076127,0.8164951068600007,0,,False,False
2022-03-15,24,0.8734521128525354,0.8996747153660368,0.8197796821785682,0.8197796821785682,0,,False,False
2022-03-16,24,0.8537953152053256,0.9662730793679529,0.837969006591544,0.837969006591544,0,,False,False
2022-03-17,24,0.9347942983403731,0.8391744951066529,0.807817771393752,0.807817771393752,0,,False,False
2022-03-18,24,0.8814743191084665,0.9569873256630532,0.8180436394335342,0.8180436394335342,0,,False,False
2022-03-19,24,0.9304412334742918,0.8783025545839601,0.8633778271110807,0.8633778271110807,0,,False,False
2022-03-20,24,0.9526713247424671,0.9236886534410531,0.8169444268657612,0.8169444268657612,0,,False,False
2022-03-21,24,0.8692609621026712,0.8754085248359741,0.803053816510965,0.803053816510965,0,,False,False
2022-03-22,24,0.8377275817546015,0.4639736880316938,0.6873924610567341,0.4639736880316938,0,,False,False
2022-03-23,24,0.9974221312931907,0.994226551603686,0.9956411391358814,0.994226551603686,0,,False,False
2022-03-24,24,0.9161092474252772,0.9452293680061735,0.9301062038206714,0.9161092474252772,0,,False,False
2022-03-25,24,0.9626363185453474,0.7893731455241184,0.8851557336625453,0.7893731455241184,0,,False,False
2022-03-26,24,0.9401273099206252,0.7630542025372887,0.8755314721065098,0.7630542025372887,0,,False,False
2022-03-27,24,0.9857192416128289,0.9837496975920164,0.9766424121563102,0.9766424121563102,0,,False,False
2022-03-28,24,0.9931847253877449,0.9536498393696268,0.9585368287059923,0.9536498393696268,0,,False,False
2022-03-29,24,0.8514271114788985,0.9561017699942154,0.9155817346811134,0.8514271114788985,0,,False,False
2022-03-30,24,0.8786494262384781,0.9027728284534755,0.8884984789872334,0.8786494262384781,0,,False,False
2022-03-31,24,0.9006363858701547,0.8254433876458456,0.9441361094038415,0.8254433876458456,0,,False,False
2022-04-01,24,0.9401758246245279,0.9133459742236046,0.9332086201695668,0.9133459742236046,0,,False,False
2022-04-02,24,0.9949083944086938,0.9615689694525769,0.9756471809327177,0.9615689694525769,0,,False,False
2022-04-03,24,0.9966538621394695,0.98043820111144,0.9886681925837838,0.98043820111144,0,,False,False
2022-04-04,24,0.978248644326784,0.929768945582458,0.9518781600280728,0.929768945582458,0,,False,False
2022-04-05,24,0.9554068736363556,0.8141094876409015,0.7942227697614473,0.7942227697614473,0,,False,False
2022-04-06,24,0.9331330084552281,0.5668453008912325,0.4905255890013723,0.4905255890013723,1,r_dc1700_airvisual,False,False
2022-04-07,24,0.8859496475960494,0.9877140631980292,0.9047222919337348,0.8859496475960494,0,,False,False
2022-04-08,24,0.9201518842946538,0.9057331240333831,0.9304705149594825,0.9057331240333831,0,,False,False
2022-04-09,24,0.944055447552823,0.9794132831935116,0.9097385631812468,0.9097385631812468,0,,False,False
2022-04-10,24,0.9611318101713952,0.9153295003989877,0.9059053807052276,0.9059053807052276,0,,False,False
2022-04-11,24,0.8970021856720044,0.7995873898259317,0.6020776781551226,0.6020776781551226,0,,False,False
2022-04-12,24,0.8636404921097507,0.7429989834126418,0.7984366837547887,0.7429989834126418,0,,False,False
2022-04-13,24,0.7008994147907035,0.5298523410573925,0.7730937174089745,0.5298523410573925,1,r_dc1100_dc1700,False,False
2022-04-14,24,0.9505651401437119,0.8882770800045414,0.9069638004643376,0.8882770800045414,0,,False,False
2022-04-15,24,0.8795586149058379,0.8011806536066112,0.8175321232144036,0.8011806536066112,0,,False,False
2022-04-16,24,0.9842971708280639,0.9504044426028173,0.9860327663570394,0.9504044426028173,0,,False,False
2022-04-17,24,0.9983274589190138,0.7991121790822022,0.7924595710637561,0.7924595710637561,0,,False,False
2022-04-18,24,0.9976252680507076,0.956285500584738,0.9615316716924013,0.956285500584738,0,,False,False
2022-04-19,24,0.9971542318493892,0.9771024850539216,0.9827741379446102,0.9771024850539216,0,,False,False
2022-04-20,24,0.8481786942455983,0.9510290279437885,0.9242295035822943,0.8481786942455983,0,,False,False
2022-04-21,24,0.8445694289108802,0.7340066317427999,0.6943660745572665,0.6943660745572665,0,,False,False
2022-04-22,24,0.9799162467521509,0.9458260898118744,0.9475072262974926,0.9458260898118744,0,,False,False
2022-04-23,24,0.9177460173437406,0.2714723229434321,0.5544455981678186,0.2714723229434321,2,r_dc1100_airvisual;r_dc1700_airvisual,True,False
2022-04-24,24,0.9365753509857319,0.8964006988082502,0.9135374319527515,0.8964006988082502,0,,False,False
2022-04-25,24,0.6905551613803541,0.41387651110411144,0.8919530609118342,0.41387651110411144,1,r_dc1100_dc1700,False,False
2022-04-26,24,0.35297299156537604,-0.15560323686791339,0.8348245927614197,-0.15560323686791339,2,r_dc1100_dc1700;r_dc1100_airvisual,True,True
2022-04-27,24,0.8120397284461143,0.3866778229741169,0.827630829398634,0.3866778229741169,0,,False,False
2022-04-28,24,0.9572767904384227,0.7704136630500322,0.8987036537781986,0.7704136630500322,0,,False,False
2022-04-29,24,0.7046761433040138,0.32327303321146866,0.8771085219288555,0.32327303321146866,1,r_dc1100_dc1700,False,False
2022-04-30,24,0.9900594175142261,0.96258178325508,0.9871822267279631,0.96258178325508,0,,False,False
2022-05-01,24,0.9856254602752991,0.9765600058258497,0.9928662071415914,0.9765600058258497,0,,False,False
2022-05-02,24,0.9560699095007739,0.878838029946687,0.9748444024059237,0.878838029946687,0,,False,False
2022-05-03,24,0.9965253278102847,0.9934282688362271,0.9952979690774995,0.9934282688362271,0,,False,False
2022-05-04,24,0.9814608824825005,0.949924390867343,0.9807973449931474,0.949924390867343,0,,False,False
2022-05-05,24,0.934919854707021,0.6091884904587076,0.8189766771433451,0.6091884904587076,0,,False,False
2022-05-06,24,0.7213861763965363,0.4571166880103543,0.9313668957007076,0.4571166880103543,0,,False,False
2022-05-07,24,0.7283210215870919,0.43081688464048584,0.9234695983511667,0.43081688464048584,0,,False,False
2022-05-08,24,0.9472116825242922,0.8895262108738217,0.9517004358161402,0.8895262108738217,0,,False,False
2022-05-09,24,0.9584091361107169,0.9337043858800476,0.9715143603926942,0.9337043858800476,0,,False,False
2022-05-10,24,0.8471584596691858,0.361995715667201,0.7880021270029465,0.361995715667201,0,,False,False
2022-05-11,24,0.35337993278037716,-0.03319190355373417,0.8920120962226236,-0.03319190355373417,2,r_dc1100_dc1700;r_dc1100_airvisual,True,True
2022-05-12,24,0.8928136501134618,0.6403418452127022,0.8783451993708042,0.6403418452127022,0,,False,False
2022-05-13,24,0.8579530795331408,0.6809145000205015,0.9468791868765131,0.6809145000205015,0,,False,False
2022-05-14,24,0.9435256505220713,0.9535979481191765,0.9967030561666256,0.9435256505220713,0,,False,False
2022-05-15,24,0.9433199552369,0.9542541276153471,0.973989959563472,0.9433199552369,0,,False,False
2022-05-16,24,0.9645432392989869,0.6986353166065783,0.8312196277352376,0.6986353166065783,0,,False,False
2022-05-17,24,0.8191867330843576,0.5934459318303791,0.8024754421076447,0.5934459318303791,0,,False,False
2022-05-18,24,0.8407941761785442,0.1890606117528527,0.5769201101018242,0.1890606117528527,1,r_dc1100_airvisual,False,True
2022-05-19,24,0.9076618903048282,-0.09471177099391616,0.29865283565566003,-0.09471177099391616,2,r_dc1100_airvisual;r_dc1700_airvisual,True,True
2022-05-20,24,0.8442524339056462,0.5984529366876972,0.8126187660190667,0.5984529366876972,0,,False,False
2022-05-21,24,0.8054583289506569,0.43876153731031226,0.8127938918637635,0.43876153731031226,0,,False,False
2022-05-22,24,0.9697437085695468,0.9387807164235813,0.9858885661482638,0.9387807164235813,0,,False,False
2022-05-23,24,0.8425338891428843,0.47985665618719114,0.796076795305423,0.47985665618719114,0,,False,False
2022-05-24,24,0.9915887494861377,0.9640960545407865,0.9845686063833484,0.9640960545407865,0,,False,False
2022-05-25,24,0.8617963427196252,0.5352252214422507,0.8571085306816346,0.5352252214422507,0,,False,False
2022-05-26,24,0.8976405280303933,0.5121692152223503,0.4255006714305537,0.4255006714305537,1,r_dc1700_airvisual,False,False
2022-05-27,24,0.8346729769430535,0.26559587283682473,0.10067993124717627,0.10067993124717627,2,r_dc1100_airvisual;r_dc1700_airvisual,True,True
2022-05-28,24,0.8333649571524169,0.20247033963747338,0.22496450322920347,0.20247033963747338,2,r_dc1100_airvisual;r_dc1700_airvisual,True,False
2022-05-29,24,0.656869104222953,-0.13432661174357968,-0.03272494901947292,-0.13432661174357968,3,r_dc1100_dc1700;r_dc1100_airvisual;r_dc1700_airvisual,True,True
2022-05-30,24,0.8602549114780782,0.6574789438054166,0.5962234393006682,0.5962234393006682,0,,False,False
2022-05-31,24,0.9431704180432703,0.6229197933856336,0.6784473688474009,0.6229197933856336,0,,False,False
2022-06-01,24,0.9595926954784945,-0.17228215562924568,-0.30359415595496586,-0.30359415595496586,2,r_dc1100_airvisual;r_dc1700_airvisual,True,True
2022-06-02,24,0.8823693549076627,0.8018546069630661,0.9587279825702223,0.8018546069630661,0,,False,False
2022-06-03,24,0.09469053763724836,-0.09771406763485878,0.9596559067345718,-0.09771406763485878,2,r_dc1100_dc1700;r_dc1100_airvisual,True,True
2022-06-04,24,-0.4996345128399182,-0.09090196912430229,0.7616068618651907,-0.4996345128399182,2,r_dc1100_dc1700;r_dc1100_airvisual,True,True
2022-06-05,24,0.23596147459888217,0.5193541748832546,-0.12266216065969933,-0.12266216065969933,2,r_dc1100_dc1700;r_dc1700_airvisual,True,True
2022-06-06,24,0.6652766645268738,0.4307692420842035,0.8714864223917294,0.4307692420842035,1,r_dc1100_dc1700,False,False
2022-06-07,24,0.8127302576751048,0.6631226149444454,0.9049109121404745,0.6631226149444454,0,,False,False
2022-06-08,24,0.5019505404748786,0.44666812786207716,0.9734593477000213,0.44666812786207716,1,r_dc1100_dc1700,False,False
2022-06-09,24,0.2388849592601003,0.005934732921054776,0.8953354474957238,0.005934732921054776,2,r_dc1100_dc1700;r_dc1100_airvisual,True,True
2022-06-10,24,0.8787810797186741,0.8271308889067531,0.9483085241703456,0.8271308889067531,0,,False,False
2022-06-11,24,0.39553346166296377,0.4322619845203787,0.9464220085287421,0.39553346166296377,1,r_dc1100_dc1700,False,False
2022-06-12,24,0.7897647538720902,0.7291233258272078,0.9594118906656192,0.7291233258272078,0,,False,False
2022-06-13,24,0.2254442750570234,0.05762417474318104,0.9734011113700409,0.05762417474318104,2,r_dc1100_dc1700;r_dc1100_airvisual,True,True
2022-06-14,24,0.9000152340841584,0.5374493805887745,0.7150116670514155,0.5374493805887745,0,,False,False
2022-06-15,24,0.542659663143784,0.31713881681143397,0.9582606514058883,0.31713881681143397,1,r_dc1100_dc1700,False,False
2022-06-16,24,0.86662271577703,0.7799098788849285,0.9782358049128412,0.7799098788849285,0,,False,False
2022-06-17,24,0.03506317504484919,-0.07249358843209333,0.9915919202262331,-0.07249358843209333,2,r_dc1100_dc1700;r_dc1100_airvisual,True,True
2022-06-18,24,0.2741777893768464,0.17641635628579277,0.9832492078392077,0.17641635628579277,2,r_dc1100_dc1700;r_dc1100_airvisual,True,True
2022-06-19,24,-0.06088691632657504,-0.144069196621286,0.97824719408889,-0.144069196621286,2,r_dc1100_dc1700;r_dc1100_airvisual,True,True
2022-06-20,24,0.6519420596550966,0.5674893761844276,0.9787323611833227,0.5674893761844276,1,r_dc1100_dc1700,False,False
2022-06-21,19,0.8004203472487895,0.46670847994406733,0.8713888380078255,0.46670847994406733,0,,False,False
2022-06-27,24,0.3632121525750086,0.16516852130571408,0.9607806253489022,0.16516852130571408,2,r_dc1100_dc1700;r_dc1100_airvisual,True,True
2022-06-28,24,0.4310437054587769,0.1844854158716762,0.9042125195038327,0.1844854158716762,2,r_dc1100_dc1700;r_dc1100_airvisual,True,True
2022-06-29,24,0.4720621741610037,0.3577523211322611,0.9797799126276249,0.3577523211322611,1,r_dc1100_dc1700,False,False
2022-06-30,24,0.2885257737764735,0.1316919769129844,0.9705169507054452,0.1316919769129844,2,r_dc1100_dc1700;r_dc1100_airvisual,True,True
2022-07-01,23,0.4460201284396454,0.34090254040078843,0.973308845544855,0.34090254040078843,1,r_dc1100_dc1700,False,False
2022-07-02,21,0.646641601949096,0.5560209744237726,0.957775035795071,0.5560209744237726,1,r_dc1100_dc1700,False,False
2022-07-23,24,0.7494995711725672,0.6189670520265426,0.9652295557356261,0.6189670520265426,0,,False,False
2022-07-24,24,0.9506937741414648,0.8428515718900706,0.9365226859642705,0.8428515718900706,0,,False,False
2022-07-25,24,0.9255263596476901,0.9168644188266882,0.9666917572930075,0.9168644188266882,0,,False,False
2022-07-26,24,0.900925693086842,0.793638878999994,0.8553479025919367,0.793638878999994,0,,False,False
2022-07-27,24,0.9132045882342241,-0.049049996431215284,0.2147351349054575,-0.049049996431215284,2,r_dc1100_airvisual;r_dc1700_airvisual,True,True
2022-07-28,24,0.5097437179327176,-0.557037242827249,0.008395714124382714,-0.557037242827249,3,r_dc1100_dc1700;r_dc1100_airvisual;r_dc1700_airvisual,True,True
2022-07-29,24,0.7945102562323811,0.25772728899035086,0.5343064987733276,0.25772728899035086,2,r_dc1100_airvisual;r_dc1700_airvisual,True,False
2022-07-30,24,-0.37967663499539445,-0.6173792188354207,0.8599340958800356,-0.6173792188354207,2,r_dc1100_dc1700;r_dc1100_airvisual,True,True
